Date,Open,High,Low,Close,Volume
2016-12-02,4181.22,4194.25,4176.01,4182.81,0.0
2016-12-01,4198.49,4203.11,4174.22,4181.15,0.0
2016-11-30,4207.48,4224.9,4195.73,4195.73,0.0
2016-11-29,4198.54,4217.04,4193.62,4205.99,0.0
2016-11-28,4215.58,4217.33,4196.79,4199.39,0.0
2016-11-25,4207.53,4221.03,4207.53,4221.02,0.0
2016-11-23,4192.72,4204.49,4185.01,4204.49,0.0
2016-11-22,4198.32,4204.44,4184.88,4200.95,0.0
2016-11-21,4169.27,4192.65,4169.27,4191.68,0.0
2016-11-18,4170.01,4175.75,4157.68,4160.58,0.0
2016-11-17,4153.64,4171.64,4149.9,4169.87,0.0
2016-11-16,4151.33,4154.5,4141.21,4150.21,0.0
2016-11-15,4132.57,4156.47,4129.12,4155.62,0.0
2016-11-14,4126.55,4137.28,4108.41,4123.81,0.0
2016-11-11,4120.37,4126.47,4100.9,4123.69,0.0
2016-11-10,4129.48,4157.52,4098.56,4129.46,0.0
2016-11-09,4060.65,4134.04,4049.16,4121.03,0.0
2016-11-08,4057.25,4089.27,4045.14,4075.61,0.0
2016-11-07,3999.41,4058.77,3999.41,4058.3,0.0
2016-11-04,3967.38,3996.48,3967.38,3970.02,0.0
2016-11-03,3995.85,4002.93,3970.05,3976.56,0.0
2016-11-02,4014.62,4018.98,3985.35,3992.76,0.0
2016-11-01,4050.74,4056.0,3992.1,4018.47,0.0
2016-10-31,4052.79,4059.34,4044.72,4045.89,0.0
2016-10-28,4057.44,4073.6,4033.03,4046.36,0.0
2016-10-27,4079.72,4085.57,4057.77,4058.75,0.0
2016-10-26,4066.08,4082.73,4055.86,4070.76,0.0
2016-10-25,4090.29,4093.56,4075.48,4077.8,0.0
2016-10-24,4087.84,4099.76,4084.83,4093.22,0.0
2016-10-21,4070.56,4076.64,4052.84,4073.85,0.0
2016-10-20,4076.4,4085.28,4059.14,4074.18,0.0
2016-10-19,4072.88,4087.39,4067.85,4079.5,0.0
2016-10-18,4067.53,4079.06,4062.16,4069.99,0.0
2016-10-17,4057.33,4062.28,4041.2,4045.07,0.0
2016-10-14,4070.02,4088.09,4057.28,4057.28,0.0
2016-10-13,4052.1,4067.15,4022.62,4056.45,0.0
2016-10-12,4066.05,4080.66,4056.73,4068.92,0.0
2016-10-11,4110.75,4111.04,4048.96,4063.92,0.0
2016-10-10,4108.9,4126.36,4108.9,4115.12,0.0
2016-10-07,4116.13,4119.26,4079.34,4096.25,0.0
2016-10-06,4104.64,4113.4,4089.61,4109.49,0.0
2016-10-05,4098.69,4115.4,4098.69,4107.4,0.0
2016-10-04,4112.65,4116.62,4075.85,4088.17,0.0
2016-10-03,4114.09,4114.24,4095.96,4108.13,0.0
2016-09-30,4098.71,4134.42,4098.71,4121.06,0.0
2016-09-29,4122.24,4129.4,4077.36,4088.47,0.0
2016-09-28,4108.74,4128.79,4089.63,4126.83,0.0
2016-09-27,4077.79,4106.41,4069.32,4104.18,0.0
2016-09-26,4101.35,4101.35,4075.78,4077.71,0.0
2016-09-23,4129.02,4129.63,4111.39,4112.69,0.0
2016-09-22,4124.55,4141.69,4124.55,4136.41,0.0
2016-09-21,4074.41,4113.39,4064.91,4109.63,0.0
2016-09-20,4076.95,4086.16,4064.09,4065.2,0.0
2016-09-19,4073.2,4091.45,4057.85,4063.94,0.0
2016-09-16,4077.87,4077.87,4048.86,4063.97,0.0
2016-09-15,4037.3,4087.01,4032.17,4079.32,0.0
2016-09-14,4041.8,4067.33,4026.7,4037.83,0.0
2016-09-13,4084.45,4084.45,4027.11,4039.92,0.0
2016-09-12,4026.98,4107.51,4023.89,4099.47,0.0
2016-09-09,4118.32,4118.32,4039.96,4039.96,0.0
2016-09-08,4144.23,4148.37,4134.22,4141.46,0.0
2016-09-07,4148.63,4153.66,4137.05,4150.51,0.0
2016-09-06,4140.87,4150.29,4128.52,4150.11,0.0
2016-09-02,4132.96,4146.93,4125.62,4137.7,0.0
2016-09-01,4121.06,4125.27,4094.03,4120.17,0.0
2016-08-31,4125.24,4125.53,4102.11,4120.29,0.0
2016-08-30,4135.65,4140.89,4118.52,4129.34,0.0
2016-08-29,4117.42,4142.63,4117.42,4136.75,0.0
2016-08-26,4126.17,4150.36,4098.29,4114.68,0.0
2016-08-25,4122.65,4133.44,4115.93,4121.09,0.0
2016-08-24,4144.96,4147.86,4118.71,4126.65,0.0
2016-08-23,4149.89,4160.49,4147.99,4148.16,0.0
2016-08-22,4137.96,4144.73,4127.32,4139.97,0.0
2016-08-19,4142.93,4144.37,4125.67,4142.23,0.0
2016-08-18,4137.92,4147.65,4135.21,4147.64,0.0
2016-08-17,4130.12,4140.03,4112.47,4138.42,0.0
2016-08-16,4145.01,4145.01,4129.66,4129.68,0.0
2016-08-15,4143.98,4158.63,4143.98,4151.69,0.0
2016-08-12,4139.04,4143.82,4130.87,4139.63,0.0
2016-08-11,4127.89,4147.74,4127.89,4142.72,0.0
2016-08-10,4136.52,4137.47,4116.08,4122.65,0.0
2016-08-09,4133.92,4144.14,4127.06,4132.96,0.0
2016-08-08,4136.63,4139.8,4125.46,4131.19,0.0
2016-08-05,4107.89,4134.56,4107.89,4134.56,0.0
2016-08-04,4097.8,4106.64,4089.41,4099.21,0.0
2016-08-03,4084.08,4097.3,4076.07,4097.3,0.0
2016-08-02,4107.69,4108.18,4065.38,4083.25,0.0
2016-08-01,4113.66,4123.37,4100.53,4109.28,0.0
2016-07-29,4105.47,4121.11,4095.36,4114.51,0.0
2016-07-28,4100.17,4113.04,4088.24,4107.75,0.0
2016-07-27,4106.92,4116.69,4086.75,4100.81,0.0
2016-07-26,4105.19,4113.84,4088.55,4105.57,0.0
2016-07-25,4114.03,4114.03,4091.77,4104.13,0.0
2016-07-22,4100.3,4116.66,4094.21,4116.5,0.0
2016-07-21,4112.47,4115.56,4087.57,4097.82,0.0
2016-07-20,4099.52,4117.55,4097.23,4112.61,0.0
2016-07-19,4094.63,4096.22,4085.58,4094.61,0.0
2016-07-18,4091.22,4103.16,4086.72,4100.4,0.0
2016-07-15,4096.9,4104.26,4079.25,4090.49,0.0
2016-07-14,4083.18,4104.11,4083.18,4094.28,0.0
2016-07-13,4075.39,4080.39,4061.05,4072.77,0.0
2016-07-12,4047.94,4077.89,4047.94,4071.85,0.0
2016-07-11,4033.2,4054.84,4033.2,4043.49,0.0
2016-07-08,3986.37,4033.1,3986.37,4029.75,0.0
2016-07-07,3973.96,3990.27,3953.15,3969.19,0.0
2016-07-06,3943.32,3974.11,3923.65,3972.26,0.0
2016-07-05,3962.02,3962.02,3935.2,3949.72,0.0
2016-07-01,3969.85,3987.54,3967.18,3976.68,0.0
2016-06-30,3919.64,3968.35,3913.67,3968.21,0.0
2016-06-29,3862.02,3919.56,3862.02,3915.1,0.0
2016-06-28,3793.44,3849.05,3793.44,3849.05,0.0
2016-06-27,3839.44,3839.44,3764.35,3781.02,0.0
2016-06-24,3976.2,3976.2,3841.77,3850.7,0.0
2016-06-23,3955.4,3994.18,3955.4,3994.18,0.0
2016-06-22,3949.58,3968.41,3939.41,3941.45,0.0
2016-06-21,3940.93,3956.94,3936.83,3947.94,0.0
2016-06-20,3922.42,3969.81,3922.42,3936.91,0.0
2016-06-17,3927.34,3927.34,3898.37,3914.15,0.0
2016-06-16,3904.95,3930.0,3874.74,3926.93,0.0
2016-06-15,3925.54,3940.72,3910.81,3914.02,0.0
2016-06-14,3923.45,3932.14,3899.89,3920.93,0.0
2016-06-13,3951.7,3963.5,3926.61,3927.73,0.0
2016-06-10,3984.17,3984.17,3947.14,3958.68,0.0
2016-06-09,3995.61,3999.36,3980.67,3995.28,0.0
2016-06-08,3989.88,4004.69,3989.88,4001.98,0.0
2016-06-07,3984.29,4001.34,3984.29,3987.96,0.0
2016-06-06,3966.55,3990.21,3966.55,3982.74,0.0
2016-06-03,3972.56,3972.56,3937.29,3963.23,0.0
2016-06-02,3960.5,3974.76,3943.3,3974.76,0.0
2016-06-01,3952.93,3966.19,3936.33,3963.1,0.0
2016-05-31,3963.93,3970.23,3942.28,3957.95,0.0
2016-05-27,3944.68,3961.67,3944.68,3961.67,0.0
2016-05-26,3946.58,3951.82,3938.37,3944.05,0.0
2016-05-25,3922.42,3952.22,3922.42,3944.33,0.0
2016-05-24,3872.61,3923.58,3872.61,3916.77,0.0
2016-05-23,3871.71,3878.0,3862.36,3863.82,0.0
2016-05-20,3852.06,3883.13,3852.06,3871.75,0.0
2016-05-19,3855.84,3855.84,3821.53,3847.97,0.0
2016-05-18,3856.13,3886.7,3837.53,3862.25,0.0
2016-05-17,3894.5,3895.45,3848.92,3860.88,0.0
2016-05-16,3858.41,3906.2,3858.41,3896.36,0.0
2016-05-13,3888.12,3896.17,3851.62,3858.17,0.0
2016-05-12,3896.62,3909.47,3870.18,3890.85,0.0
2016-05-11,3926.6,3926.6,3891.13,3891.13,0.0
2016-05-10,3885.64,3927.5,3885.64,3926.63,0.0
2016-05-09,3875.99,3888.41,3869.91,3878.14,0.0
2016-05-06,3857.53,3876.23,3841.9,3875.18,0.0
2016-05-05,3866.77,3880.46,3853.27,3862.4,0.0
2016-05-04,3879.68,3879.68,3851.94,3862.4,0.0
2016-05-03,3910.63,3910.63,3868.71,3884.63,0.0
2016-05-02,3891.68,3922.27,3889.69,3918.53,0.0
2016-04-29,3900.41,3903.16,3863.66,3888.13,0.0
2016-04-28,3936.34,3952.08,3900.26,3907.88,0.0
2016-04-27,3938.7,3952.92,3919.92,3944.02,0.0
2016-04-26,3933.73,3946.94,3926.16,3937.23,0.0
2016-04-25,3932.84,3932.84,3910.58,3929.88,0.0
2016-04-22,3936.83,3942.03,3917.5,3937.0,0.0
2016-04-21,3956.77,3959.95,3931.28,3936.8,0.0
2016-04-20,3955.6,3973.53,3945.85,3957.25,0.0
2016-04-19,3945.07,3960.09,3936.85,3954.01,0.0
2016-04-18,3912.66,3942.38,3902.99,3941.86,0.0
2016-04-15,3920.62,3920.62,3907.9,3916.17,0.0
2016-04-14,3920.23,3929.51,3911.29,3920.03,0.0
2016-04-13,3887.9,3920.33,3887.9,3918.95,0.0
2016-04-12,3845.55,3885.65,3838.06,3879.42,0.0
2016-04-11,3857.68,3881.5,3842.02,3842.17,0.0
2016-04-08,3848.85,3877.25,3841.65,3852.72,0.0
2016-04-07,3881.68,3881.68,3826.77,3841.98,0.0
2016-04-06,3848.72,3889.64,3844.22,3888.41,0.0
2016-04-05,3879.19,3879.19,3841.68,3846.59,0.0
2016-04-04,3899.28,3900.82,3879.31,3886.0,0.0
2016-04-01,3867.28,3901.95,3843.51,3897.66,0.0
2016-03-31,3880.69,3888.49,3868.86,3873.11,0.0
2016-03-30,3870.34,3896.5,3870.34,3881.01,0.0
2016-03-29,3827.59,3865.47,3813.72,3863.8,0.0
2016-03-28,3830.84,3839.82,3819.69,3829.26,0.0
2016-03-24,3820.64,3827.31,3802.03,3827.14,0.0
2016-03-23,3850.83,3850.83,3825.21,3828.58,0.0
2016-03-22,3850.99,3865.93,3835.84,3853.18,0.0
2016-03-21,3848.98,3860.31,3840.07,3855.97,0.0
2016-03-18,3836.33,3857.38,3836.33,3852.15,0.0
2016-03-17,3809.53,3845.84,3800.64,3835.26,0.0
2016-03-16,3785.7,3819.02,3777.94,3810.09,0.0
2016-03-15,3787.39,3788.64,3768.54,3788.62,0.0
2016-03-14,3794.83,3804.77,3781.38,3795.53,0.0
2016-03-11,3748.45,3800.34,3748.45,3800.07,0.0
2016-03-10,3740.37,3766.86,3699.59,3737.74,0.0
2016-03-09,3722.22,3743.35,3719.29,3736.92,0.0
2016-03-08,3750.58,3750.58,3714.13,3717.49,0.0
2016-03-07,3748.44,3767.22,3735.81,3759.05,0.0
2016-03-04,3744.25,3772.64,3730.79,3755.47,0.0
2016-03-03,3728.37,3743.56,3712.96,3743.02,0.0
2016-03-02,3711.09,3729.64,3696.45,3729.59,0.0
2016-03-01,3636.25,3713.7,3636.25,3713.7,0.0
2016-02-29,3655.03,3675.94,3626.35,3627.06,0.0
2016-02-26,3669.36,3684.39,3652.17,3656.42,0.0
2016-02-25,3625.63,3663.03,3613.59,3662.84,0.0
2016-02-24,3597.91,3625.12,3548.14,3620.87,0.0
2016-02-23,3644.29,3644.29,3601.27,3604.68,0.0
2016-02-22,3610.41,3652.15,3610.41,3649.92,0.0
2016-02-19,3595.96,3599.77,3568.67,3597.92,0.0
2016-02-18,3615.75,3620.01,3592.34,3597.49,0.0
2016-02-17,3570.68,3621.39,3561.6,3614.16,0.0
2016-02-16,3509.94,3555.47,3509.94,3555.2,0.0
2016-02-12,3437.47,3496.29,3437.47,3496.28,0.0
2016-02-11,3462.58,3462.58,3393.43,3428.99,0.0
2016-02-10,3480.85,3526.66,3468.15,3471.04,0.0
2016-02-09,3452.63,3500.1,3438.19,3470.5,0.0
2016-02-08,3509.19,3509.19,3425.31,3472.08,0.0
2016-02-05,3583.44,3583.44,3507.82,3521.6,0.0
2016-02-04,3580.64,3610.0,3559.89,3587.71,0.0
2016-02-03,3571.3,3591.46,3506.12,3581.53,0.0
2016-02-02,3622.85,3622.85,3551.77,3562.52,0.0
2016-02-01,3625.89,3644.91,3594.74,3630.46,0.0
2016-01-29,3545.4,3631.96,3545.4,3631.96,0.0
2016-01-28,3528.9,3561.96,3507.25,3544.13,0.0
2016-01-27,3560.97,3588.01,3505.18,3524.33,0.0
2016-01-26,3516.32,3568.53,3516.32,3562.81,0.0
2016-01-25,3567.76,3567.76,3511.04,3513.11,0.0
2016-01-22,3513.68,3572.41,3513.68,3568.9,0.0
2016-01-21,3483.85,3536.78,3460.51,3497.94,0.0
2016-01-20,3511.28,3511.28,3391.77,3479.75,0.0
2016-01-19,3534.11,3558.01,3489.13,3520.4,0.0
2016-01-15,3586.53,3586.53,3476.53,3518.51,0.0
2016-01-14,3539.6,3619.67,3516.14,3596.03,0.0
2016-01-13,3630.58,3649.27,3529.98,3536.92,0.0
2016-01-12,3606.77,3643.34,3581.55,3627.06,0.0
2016-01-11,3603.55,3621.34,3556.87,3598.97,0.0
2016-01-08,3640.69,3667.68,3589.46,3595.91,0.0
2016-01-07,3714.29,3714.29,3627.32,3635.29,0.0
2016-01-06,3763.55,3763.55,3702.47,3723.44,0.0
2016-01-05,3766.08,3781.27,3748.15,3771.57,0.0
2016-01-04,3811.74,3811.74,3721.04,3763.99,0.0
2015-12-31,3852.74,3856.37,3821.09,3821.6,0.0
2015-12-30,3884.04,3884.04,3855.53,3857.9,0.0
2015-12-29,3852.24,3891.51,3852.24,3885.55,0.0
2015-12-28,3846.31,3846.31,3820.94,3843.94,0.0
2015-12-24,3857.05,3864.22,3848.09,3852.31,0.0
2015-12-23,3817.18,3859.29,3817.18,3858.47,0.0
2015-12-22,3781.29,3817.86,3776.33,3810.85,0.0
2015-12-21,3756.82,3780.27,3748.71,3777.15,0.0
2015-12-18,3813.45,3813.45,3747.3,3747.56,0.0
2015-12-17,3875.01,3879.81,3815.07,3815.46,0.0
2015-12-16,3823.49,3879.76,3816.52,3873.12,0.0
2015-12-15,3784.0,3836.83,3784.0,3817.36,0.0
2015-12-14,3761.21,3779.01,3723.72,3777.22,0.0
2015-12-11,3824.27,3824.27,3752.51,3759.09,0.0
2015-12-10,3824.9,3861.73,3820.77,3832.93,0.0
2015-12-09,3849.2,3884.7,3803.23,3823.9,0.0
2015-12-08,3871.77,3872.52,3832.46,3853.48,0.0
2015-12-07,3903.23,3903.23,3859.09,3878.31,0.0
2015-12-04,3829.8,3909.31,3829.8,3905.31,0.0
2015-12-03,3884.79,3892.63,3813.25,3826.74,0.0
2015-12-02,3923.83,3928.49,3878.21,3882.38,0.0
2015-12-01,3887.86,3925.91,3887.86,3924.63,0.0
2015-11-30,3902.52,3907.82,3882.84,3882.84,0.0
2015-11-27,3898.34,3906.66,3889.59,3900.74,0.0
2015-11-25,3898.37,3905.27,3892.77,3897.57,0.0
2015-11-24,3888.86,3906.73,3862.55,3897.67,0.0
2015-11-23,3898.06,3909.61,3883.1,3892.8,0.0
2015-11-20,3885.62,3912.05,3885.62,3897.45,0.0
2015-11-19,3886.65,3892.31,3877.44,3882.06,0.0
2015-11-18,3827.35,3889.45,3827.35,3886.26,0.0
2015-11-17,3830.17,3854.45,3815.72,3824.14,0.0
2015-11-16,3770.47,3828.52,3765.58,3828.46,0.0
2015-11-13,3811.85,3811.85,3769.85,3771.59,0.0
2015-11-12,3863.36,3863.36,3813.8,3814.29,0.0
2015-11-11,3883.38,3889.94,3867.52,3867.71,0.0
2015-11-10,3871.79,3883.83,3858.22,3880.23,0.0
2015-11-09,3906.87,3906.87,3854.18,3873.37,0.0
2015-11-06,3909.86,3915.91,3882.27,3910.98,0.0
2015-11-05,3915.15,3928.38,3894.2,3911.89,0.0
2015-11-04,3930.95,3938.38,3905.61,3915.52,0.0
2015-11-03,3914.73,3940.51,3905.21,3928.05,0.0
2015-11-02,3873.94,3921.29,3873.94,3917.3,0.0
2015-10-30,3891.14,3899.13,3871.29,3871.33,0.0
2015-10-29,3888.07,3895.77,3877.42,3890.04,0.0
2015-10-28,3846.91,3891.34,3840.66,3891.34,0.0
2015-10-27,3850.77,3853.75,3832.38,3845.45,0.0
2015-10-26,3862.55,3862.55,3846.77,3855.29,0.0
2015-10-23,3831.08,3871.2,3831.08,3862.65,0.0
2015-10-22,3763.48,3825.5,3763.48,3820.49,0.0
2015-10-21,3784.95,3793.23,3754.82,3757.91,0.0
2015-10-20,3783.83,3794.94,3771.7,3779.44,0.0
2015-10-19,3781.12,3786.19,3763.63,3784.72,0.0
2015-10-16,3767.37,3784.4,3760.11,3783.64,0.0
2015-10-15,3715.45,3766.94,3715.45,3766.43,0.0
2015-10-14,3728.63,3739.61,3704.61,3711.11,0.0
2015-10-13,3749.52,3763.07,3725.03,3728.48,0.0
2015-10-12,3750.37,3755.97,3740.92,3753.73,0.0
2015-10-09,3746.8,3758.7,3735.41,3748.96,0.0
2015-10-08,3709.99,3751.82,3698.06,3746.12,0.0
2015-10-07,3688.28,3719.84,3677.3,3713.36,0.0
2015-10-06,3694.82,3703.9,3667.61,3682.33,0.0
2015-10-05,3634.75,3699.54,3634.75,3695.61,0.0
2015-10-02,3574.01,3629.04,3522.15,3629.04,0.0
2015-10-01,3569.72,3583.66,3534.63,3577.47,0.0
2015-09-30,3509.02,3571.11,3509.02,3570.17,0.0
2015-09-29,3499.06,3531.71,3480.54,3503.13,0.0
2015-09-28,3586.73,3586.73,3493.88,3498.61,0.0
2015-09-25,3598.24,3629.71,3571.48,3589.71,0.0
2015-09-24,3596.14,3600.51,3548.06,3591.37,0.0
2015-09-23,3611.81,3623.43,3591.98,3603.49,0.0
2015-09-22,3645.36,3645.36,3585.59,3610.7,0.0
2015-09-21,3644.24,3679.18,3634.88,3655.64,0.0
2015-09-18,3697.76,3697.76,3630.47,3638.99,0.0
2015-09-17,3708.27,3755.47,3692.34,3698.74,0.0
2015-09-16,3675.5,3711.25,3675.33,3707.62,0.0
2015-09-15,3632.77,3684.96,3631.32,3675.48,0.0
2015-09-14,3647.51,3647.51,3620.22,3628.87,0.0
2015-09-11,3625.72,3643.55,3603.0,3643.54,0.0
2015-09-10,3606.28,3649.1,3598.42,3626.14,0.0
2015-09-09,3661.42,3693.24,3599.19,3606.8,0.0
2015-09-08,3579.12,3659.17,3579.12,3657.32,0.0
2015-09-04,3596.95,3616.68,3548.88,3567.41,0.0
2015-09-03,3622.03,3666.81,3610.78,3622.66,0.0
2015-09-02,3578.93,3618.34,3558.21,3618.25,0.0
2015-09-01,3632.69,3657.04,3532.7,3552.65,0.0
2015-08-31,3687.75,3687.75,3649.37,3660.75,0.0
2015-08-28,3686.08,3699.85,3665.96,3691.3,0.0
2015-08-27,3605.3,3692.06,3605.3,3688.6,0.0
2015-08-26,3475.0,3604.9,3475.0,3600.73,0.0
2015-08-25,3548.97,3614.38,3464.61,3465.19,0.0
2015-08-24,3574.75,3646.11,3464.03,3512.65,0.0
2015-08-21,3756.84,3773.89,3656.67,3656.67,0.0
2015-08-20,3841.72,3852.18,3776.35,3776.36,0.0
2015-08-19,3887.57,3888.4,3840.92,3857.74,0.0
2015-08-18,3899.0,3901.73,3884.45,3889.6,0.0
2015-08-17,3875.49,3899.81,3856.26,3899.1,0.0
2015-08-14,3862.6,3879.84,3857.91,3878.16,0.0
2015-08-13,3868.23,3880.72,3853.62,3863.03,0.0
2015-08-12,3858.2,3872.94,3804.6,3867.37,0.0
2015-08-11,3897.26,3897.26,3848.82,3862.81,0.0
2015-08-10,3856.37,3901.49,3856.37,3899.36,0.0
2015-08-07,3859.3,3859.3,3832.06,3849.96,0.0
2015-08-06,3892.77,3897.51,3846.08,3860.92,0.0
2015-08-05,3881.52,3913.73,3881.52,3889.99,0.0
2015-08-04,3884.53,3893.38,3867.73,3876.44,0.0
2015-08-03,3897.01,3899.25,3865.22,3885.07,0.0
2015-07-31,3910.18,3915.03,3892.53,3895.8,0.0
2015-07-30,3901.21,3908.04,3879.34,3904.64,0.0
2015-07-29,3878.53,3907.97,3877.53,3904.21,0.0
2015-07-28,3833.7,3879.67,3830.67,3875.37,0.0
2015-07-27,3847.46,3847.46,3820.32,3827.93,0.0
2015-07-24,3891.97,3898.71,3845.49,3850.15,0.0
2015-07-23,3914.02,3919.04,3885.27,3891.79,0.0
2015-07-22,3921.26,3921.71,3906.27,3913.75,0.0
2015-07-21,3938.14,3939.64,3915.65,3922.7,0.0
2015-07-20,3936.7,3947.73,3930.81,3939.35,0.0
2015-07-17,3936.51,3939.75,3923.7,3936.22,0.0
2015-07-16,3906.43,3931.97,3906.43,3931.85,0.0
2015-07-15,3903.47,3912.97,3891.42,3900.5,0.0
2015-07-14,3886.22,3908.85,3883.53,3903.31,0.0
2015-07-13,3849.76,3887.92,3849.76,3885.97,0.0
2015-07-10,3798.91,3851.78,3798.91,3843.1,0.0
2015-07-09,3793.34,3838.66,3793.34,3796.26,0.0
2015-07-08,3844.98,3844.98,3783.93,3787.67,0.0
2015-07-07,3828.79,3855.06,3781.63,3850.66,0.0
2015-07-06,3836.95,3845.43,3808.26,3827.35,0.0
2015-07-02,3844.38,3857.36,3831.65,3842.06,0.0
2015-07-01,3823.98,3853.09,3823.98,3843.26,0.0
2015-06-30,3812.3,3836.47,3803.31,3815.85,0.0
2015-06-29,3881.3,3881.3,3803.71,3805.5,0.0
2015-06-26,3888.3,3899.95,3874.92,3886.21,0.0
2015-06-25,3901.18,3912.4,3886.07,3887.04,0.0
2015-06-24,3926.34,3929.0,3898.47,3898.47,0.0
2015-06-23,3925.31,3934.29,3919.26,3927.23,0.0
2015-06-22,3905.28,3937.37,3905.28,3924.41,0.0
2015-06-19,3921.05,3922.06,3899.51,3900.64,0.0
2015-06-18,3885.1,3931.36,3885.1,3921.43,0.0
2015-06-17,3876.86,3894.22,3861.63,3882.49,0.0
2015-06-16,3852.49,3876.74,3848.5,3874.73,0.0
2015-06-15,3865.53,3865.53,3830.71,3852.75,0.0
2015-06-12,3895.19,3895.19,3865.43,3870.56,0.0
2015-06-11,3892.75,3908.9,3892.75,3897.59,0.0
2015-06-10,3845.2,3895.77,3845.2,3889.7,0.0
2015-06-08,3865.57,3866.81,3841.32,3841.45,0.0
2015-06-05,3870.0,3880.88,3852.66,3865.83,0.0
2015-06-04,3901.72,3902.72,3866.41,3871.23,0.0
2015-06-03,3898.5,3919.3,3896.69,3904.83,0.0
2015-06-02,3897.35,3910.61,3876.61,3895.85,0.0
2015-06-01,3893.88,3913.28,3882.61,3899.59,0.0
2015-05-29,3915.68,3915.68,3886.56,3891.18,0.0
2015-05-28,3918.55,3918.55,3901.2,3915.82,0.0
2015-05-27,3886.24,3925.13,3886.24,3920.11,0.0
2015-05-26,3922.9,3922.9,3874.63,3883.88,0.0
2015-05-22,3932.1,3935.4,3924.16,3924.16,0.0
2015-05-21,3923.18,3939.25,3918.42,3932.9,0.0
2015-05-20,3926.76,3939.46,3917.28,3923.18,0.0
2015-05-19,3929.41,3935.97,3920.31,3926.41,0.0
2015-05-18,3913.57,3932.9,3911.21,3928.15,0.0
2015-05-15,3914.77,3918.03,3905.07,3915.99,0.0
2015-05-14,3874.4,3913.08,3874.4,3912.52,0.0
2015-05-13,3872.46,3891.96,3865.88,3870.36,0.0
2015-05-12,3877.61,3881.65,3845.75,3870.69,0.0
2015-05-11,3900.8,3904.67,3880.55,3881.93,0.0
2015-05-08,3856.83,3903.89,3856.83,3901.01,0.0
2015-05-07,3834.31,3858.11,3825.15,3849.13,0.0
2015-05-06,3854.17,3867.14,3811.27,3833.7,0.0
2015-05-05,3892.1,3896.87,3847.57,3849.41,0.0
2015-05-04,3887.32,3907.07,3887.32,3895.16,0.0
2015-05-01,3845.23,3883.75,3845.23,3883.75,0.0
2015-04-30,3878.63,3878.63,3827.18,3841.77,0.0
2015-04-29,3891.29,3893.42,3863.57,3880.9,0.0
2015-04-28,3883.4,3897.57,3858.8,3895.21,0.0
2015-04-27,3903.2,3915.37,3880.67,3884.1,0.0
2015-04-24,3891.23,3906.19,3891.23,3900.24,0.0
2015-04-23,3880.92,3905.38,3873.52,3891.46,0.0
2015-04-22,3864.08,3885.6,3850.78,3881.92,0.0
2015-04-21,3876.44,3884.88,3856.83,3862.15,0.0
2015-04-20,3837.82,3874.28,3837.82,3867.82,0.0
2015-04-17,3871.74,3871.74,3816.15,3832.33,0.0
2015-04-16,3877.96,3887.78,3867.1,3876.18,0.0
2015-04-15,3862.88,3888.77,3862.88,3879.1,0.0
2015-04-14,3852.68,3864.3,3836.03,3859.22,0.0
2015-04-13,3870.61,3880.88,3852.77,3852.93,0.0
2015-04-10,3850.9,3871.34,3850.9,3870.32,0.0
2015-04-09,3832.08,3854.12,3819.23,3850.29,0.0
2015-04-08,3824.06,3841.95,3817.38,3833.2,0.0
2015-04-07,3830.28,3846.27,3821.07,3821.48,0.0
2015-04-06,3793.48,3841.04,3785.4,3829.31,0.0
2015-04-02,3791.38,3813.72,3786.49,3804.14,0.0
2015-04-01,3803.46,3805.27,3769.88,3790.66,0.0
2015-03-31,3835.01,3835.01,3803.71,3805.27,0.0
2015-03-30,3797.94,3843.68,3797.94,3838.65,0.0
2015-03-27,3782.26,3795.22,3777.11,3791.9,0.0
2015-03-26,3789.19,3802.43,3762.73,3782.21,0.0
2015-03-25,3850.08,3858.01,3791.13,3791.13,0.0
2015-03-24,3869.93,3876.64,3847.05,3847.05,0.0
2015-03-23,3877.13,3889.69,3870.49,3870.49,0.0
2015-03-20,3844.56,3887.96,3844.56,3877.26,0.0
2015-03-19,3859.94,3859.94,3835.79,3842.62,0.0
2015-03-18,3812.36,3874.87,3791.02,3861.39,0.0
2015-03-17,3826.52,3826.52,3798.0,3814.77,0.0
2015-03-16,3780.09,3827.94,3780.09,3827.62,0.0
2015-03-13,3796.96,3796.96,3754.21,3776.44,0.0
2015-03-12,3753.74,3800.25,3753.74,3799.43,0.0
2015-03-11,3759.39,3769.28,3750.29,3751.2,0.0
2015-03-10,3809.92,3816.61,3757.83,3757.83,0.0
2015-03-09,3809.23,3829.89,3809.23,3822.42,0.0
2015-03-06,3861.53,3861.53,3799.76,3807.04,0.0
2015-03-05,3856.69,3867.19,3850.81,3861.29,0.0
2015-03-04,3873.39,3873.39,3836.57,3856.5,0.0
2015-03-03,3887.38,3887.38,3855.26,3872.72,0.0
2015-03-02,3867.98,3890.52,3866.67,3890.32,0.0
2015-02-27,3878.13,3881.55,3865.05,3866.42,0.0
2015-02-26,3883.67,3883.67,3865.1,3877.85,0.0
2015-02-25,3885.58,3893.44,3875.67,3882.95,0.0
2015-02-24,3873.55,3889.75,3867.8,3885.27,0.0
2015-02-23,3874.78,3874.78,3862.23,3874.46,0.0
2015-02-20,3852.37,3876.13,3830.04,3875.6,0.0
2015-02-19,3854.83,3860.12,3839.34,3851.53,0.0
2015-02-18,3851.76,3856.01,3841.18,3855.0,0.0
2015-02-17,3846.86,3857.8,3836.74,3856.04,0.0
2015-02-13,3834.22,3849.33,3830.42,3849.29,0.0
2015-02-12,3799.4,3833.38,3799.4,3833.35,0.0
2015-02-11,3795.85,3804.81,3776.48,3795.82,0.0
2015-02-10,3759.38,3798.76,3758.11,3794.62,0.0
2015-02-09,3766.7,3771.63,3745.44,3754.36,0.0
2015-02-06,3782.68,3801.22,3760.14,3770.2,0.0
2015-02-05,3747.15,3783.98,3747.15,3782.11,0.0
2015-02-04,3756.31,3767.09,3734.06,3742.84,0.0
2015-02-03,3707.26,3757.73,3707.26,3757.34,0.0
2015-02-02,3659.45,3705.11,3630.7,3703.77,0.0
2015-01-30,3700.93,3708.17,3653.42,3656.28,0.0
2015-01-29,3669.89,3710.56,3645.87,3704.35,0.0
2015-01-28,3724.41,3742.83,3668.21,3669.1,0.0
2015-01-27,3752.53,3752.53,3701.35,3718.99,0.0
2015-01-26,3757.22,3770.41,3739.99,3769.45,0.0
2015-01-23,3780.21,3780.21,3757.41,3759.76,0.0
2015-01-22,3727.65,3783.21,3713.21,3780.51,0.0
2015-01-21,3701.77,3734.85,3686.83,3723.62,0.0
2015-01-20,3702.37,3717.05,3672.58,3705.64,0.0
2015-01-16,3650.01,3701.68,3642.5,3699.79,0.0
2015-01-15,3689.36,3703.28,3648.54,3650.74,0.0
2015-01-14,3697.78,3697.78,3642.97,3684.72,0.0
2015-01-13,3721.82,3768.16,3680.42,3706.15,0.0
2015-01-12,3748.09,3753.76,3705.08,3715.36,0.0
2015-01-09,3779.81,3781.5,3733.83,3745.67,0.0
2015-01-08,3719.64,3780.93,3719.64,3777.4,0.0
2015-01-07,3673.68,3717.73,3673.68,3710.94,0.0
2015-01-06,3702.91,3717.67,3648.53,3667.14,0.0
2015-01-05,3762.04,3762.04,3694.1,3700.03,0.0
2015-01-02,3776.49,3794.52,3746.41,3768.68,0.0
2014-12-31,3811.93,3818.28,3767.82,3769.44,0.0
2014-12-30,3823.6,3823.6,3807.21,3808.69,0.0
2014-12-29,3821.57,3832.37,3818.13,3826.95,0.0
2014-12-26,3814.83,3830.16,3814.83,3823.0,0.0
2014-12-24,3812.9,3820.78,3810.39,3810.39,0.0
2014-12-23,3809.52,3819.13,3806.5,3810.78,0.0
2014-12-22,3787.01,3804.35,3787.01,3803.94,0.0
2014-12-19,3771.39,3802.15,3771.39,3788.97,0.0
2014-12-18,3694.42,3771.72,3694.42,3771.72,0.0
2014-12-17,3611.13,3688.76,3611.13,3682.7,0.0
2014-12-16,3634.63,3689.67,3608.74,3609.06,0.0
2014-12-15,3668.14,3693.02,3626.91,3639.97,0.0
2014-12-12,3714.37,3717.82,3663.09,3663.1,0.0
2014-12-11,3709.77,3760.25,3709.77,3723.32,0.0
2014-12-10,3765.34,3765.34,3702.06,3705.51,0.0
2014-12-09,3760.86,3768.21,3719.93,3766.83,0.0
2014-12-08,3794.27,3795.91,3756.66,3767.7,0.0
2014-12-05,3789.95,3802.14,3786.91,3794.68,0.0
2014-12-04,3791.5,3798.06,3770.93,3788.34,0.0
2014-12-03,3780.1,3796.24,3778.77,3792.69,0.0
2014-12-02,3754.11,3781.49,3754.11,3777.47,0.0
2014-12-01,3775.87,3775.87,3746.31,3753.31,0.0
2014-11-28,3792.15,3792.15,3774.39,3778.96,0.0
2014-11-26,3778.42,3789.07,3777.18,3788.42,0.0
2014-11-25,3782.64,3789.93,3772.77,3776.94,0.0
2014-11-24,3772.95,3782.27,3772.95,3780.88,0.0
2014-11-21,3758.99,3784.57,3757.72,3770.03,0.0
2014-11-20,3737.3,3751.86,3727.47,3749.87,0.0
2014-11-19,3746.8,3748.59,3727.13,3742.35,0.0
2014-11-18,3728.9,3755.52,3728.9,3747.74,0.0
2014-11-17,3722.33,3730.93,3715.33,3727.86,0.0
2014-11-14,3724.78,3729.22,3716.49,3724.92,0.0
2014-11-13,3723.37,3736.08,3707.47,3723.58,0.0
2014-11-12,3720.38,3725.03,3709.85,3721.3,0.0
2014-11-11,3720.13,3725.7,3714.8,3722.84,0.0
2014-11-10,3708.84,3721.01,3705.51,3720.25,0.0
2014-11-07,3709.26,3712.65,3695.96,3708.46,0.0
2014-11-06,3692.07,3707.17,3678.91,3706.45,0.0
2014-11-05,3676.27,3691.68,3674.72,3691.38,0.0
2014-11-04,3675.95,3676.26,3648.97,3669.18,0.0
2014-11-03,3680.31,3691.7,3672.05,3679.58,0.0
2014-10-31,3649.25,3680.22,3649.25,3679.99,0.0
2014-10-30,3609.65,3645.57,3601.36,3637.3,0.0
2014-10-29,3616.32,3631.09,3590.34,3614.53,0.0
2014-10-28,3581.05,3619.17,3581.05,3619.16,0.0
2014-10-27,3578.92,3581.91,3557.8,3576.47,0.0
2014-10-24,3558.14,3583.08,3548.56,3581.82,0.0
2014-10-23,3520.59,3576.93,3520.59,3556.7,0.0
2014-10-22,3539.32,3553.94,3512.96,3513.47,0.0
2014-10-21,3480.75,3541.03,3480.75,3538.9,0.0
2014-10-20,3437.37,3472.6,3431.39,3470.89,0.0
2014-10-17,3399.55,3460.12,3399.55,3439.39,0.0
2014-10-16,3383.22,3419.6,3345.37,3395.64,0.0
2014-10-15,3400.55,3416.34,3319.83,3395.03,0.0
2014-10-14,3421.36,3460.71,3411.79,3422.43,0.0
2014-10-13,3473.36,3485.1,3415.93,3417.01,0.0
2014-10-10,3509.77,3530.44,3474.09,3474.23,0.0
2014-10-09,3586.05,3586.05,3513.28,3514.12,0.0
2014-10-08,3527.33,3590.69,3508.57,3588.07,0.0
2014-10-07,3574.96,3574.96,3524.88,3525.29,0.0
2014-10-06,3588.87,3602.95,3567.88,3579.42,0.0
2014-10-03,3548.9,3590.87,3548.9,3584.94,0.0
2014-10-02,3544.68,3556.14,3508.87,3545.3,0.0
2014-10-01,3591.02,3591.02,3536.89,3544.98,0.0
2014-09-30,3603.04,3615.42,3586.25,3592.25,0.0
2014-09-29,3604.2,3608.37,3577.03,3602.09,0.0
2014-09-26,3580.71,3617.4,3580.71,3610.98,0.0
2014-09-25,3636.66,3636.66,3579.61,3579.61,0.0
2014-09-24,3611.2,3641.15,3602.85,3638.44,0.0
2014-09-23,3628.33,3633.12,3610.1,3610.1,0.0
2014-09-22,3657.63,3657.63,3624.73,3630.7,0.0
2014-09-19,3664.29,3676.16,3653.13,3660.03,0.0
2014-09-18,3646.64,3663.49,3646.64,3661.73,0.0
2014-09-17,3639.27,3659.97,3628.39,3643.4,0.0
2014-09-16,3607.56,3644.6,3602.63,3638.6,0.0
2014-09-15,3614.99,3616.91,3601.51,3611.52,0.0
2014-09-12,3634.45,3634.45,3604.63,3614.06,0.0
2014-09-11,3627.29,3636.01,3614.74,3635.66,0.0
2014-09-10,3618.2,3633.19,3608.37,3631.45,0.0
2014-09-09,3640.24,3640.24,3611.04,3617.89,0.0
2014-09-08,3651.9,3651.9,3630.86,3641.66,0.0
2014-09-05,3634.59,3652.26,3620.24,3652.26,0.0
2014-09-04,3641.18,3658.46,3624.67,3633.87,0.0
2014-09-03,3644.53,3654.91,3634.69,3639.35,0.0
2014-09-02,3644.77,3648.42,3628.06,3641.52,0.0
2014-08-29,3634.4,3643.34,3627.49,3643.34,0.0
2014-08-28,3632.22,3634.22,3619.73,3630.98,0.0
2014-08-27,3637.41,3640.32,3629.54,3636.64,0.0
2014-08-26,3633.11,3644.83,3633.11,3635.71,0.0
2014-08-25,3620.63,3639.19,3620.63,3631.86,0.0
2014-08-22,3622.13,3623.75,3608.19,3614.5,0.0
2014-08-21,3611.15,3625.58,3611.15,3621.23,0.0
2014-08-20,3599.5,3614.19,3594.45,3610.49,0.0
2014-08-19,3585.21,3603.09,3585.21,3601.33,0.0
2014-08-18,3558.39,3583.14,3558.39,3582.7,0.0
2014-08-15,3559.09,3568.48,3527.75,3552.17,0.0
2014-08-14,3537.85,3551.97,3537.85,3551.97,0.0
2014-08-13,3516.22,3539.38,3516.22,3536.42,0.0
2014-08-12,3515.56,3522.68,3502.07,3511.96,0.0
2014-08-11,3511.2,3532.03,3511.2,3517.53,0.0
2014-08-08,3468.64,3508.64,3466.21,3507.21,0.0
2014-08-07,3491.57,3502.15,3458.44,3467.14,0.0
2014-08-06,3480.32,3499.59,3469.83,3485.67,0.0
2014-08-05,3513.83,3513.83,3472.98,3484.56,0.0
2014-08-04,3495.87,3525.39,3486.07,3518.31,0.0
2014-08-01,3501.61,3515.07,3477.69,3493.18,0.0
2014-07-31,3565.73,3565.73,3503.19,3503.19,0.0
2014-07-30,3580.15,3590.38,3560.58,3574.45,0.0
2014-07-29,3591.93,3600.67,3573.64,3573.65,0.0
2014-07-28,3588.53,3594.44,3568.77,3589.73,0.0
2014-07-25,3600.04,3600.04,3581.48,3588.68,0.0
2014-07-24,3606.27,3612.27,3602.15,3606.1,0.0
2014-07-23,3601.24,3608.28,3596.02,3604.3,0.0
2014-07-22,3583.66,3602.83,3583.66,3597.95,0.0
2014-07-21,3585.98,3585.98,3565.74,3579.99,0.0
2014-07-18,3557.95,3591.24,3557.52,3588.21,0.0
2014-07-17,3590.96,3594.68,3547.27,3551.73,0.0
2014-07-16,3584.45,3597.99,3583.38,3593.91,0.0
2014-07-15,3585.86,3595.18,3564.08,3578.46,0.0
2014-07-14,3572.24,3590.36,3572.24,3585.37,0.0
2014-07-11,3564.8,3570.07,3553.77,3568.08,0.0
2014-07-10,3566.11,3571.78,3541.18,3562.49,0.0
2014-07-09,3563.26,3579.67,3563.26,3577.28,0.0
2014-07-08,3583.51,3583.51,3552.82,3560.53,0.0
2014-07-07,3596.65,3596.65,3579.72,3584.75,0.0
2014-07-03,3581.41,3598.92,3581.41,3598.73,0.0
2014-07-02,3576.29,3582.79,3575.43,3579.11,0.0
2014-07-01,3556.56,3586.08,3556.56,3576.55,0.0
2014-06-30,3553.19,3559.39,3548.56,3552.18,0.0
2014-06-27,3545.37,3554.2,3537.45,3553.35,0.0
2014-06-26,3551.22,3551.22,3523.92,3546.38,0.0
2014-06-25,3531.37,3552.29,3528.14,3549.96,0.0
2014-06-24,3554.29,3565.48,3529.6,3532.57,0.0
2014-06-23,3555.7,3557.15,3548.43,3555.14,0.0
2014-06-20,3551.21,3557.46,3549.51,3555.6,0.0
2014-06-19,3545.85,3550.05,3536.36,3549.44,0.0
2014-06-18,3518.6,3545.48,3512.39,3544.42,0.0
2014-06-17,3508.46,3520.31,3501.98,3517.23,0.0
2014-06-16,3504.21,3515.63,3497.27,3509.54,0.0
2014-06-13,3496.88,3508.63,3491.35,3506.58,0.0
2014-06-12,3519.53,3519.53,3487.72,3495.57,0.0
2014-06-11,3529.44,3529.44,3512.66,3519.52,0.0
2014-06-10,3530.8,3531.74,3520.48,3531.62,0.0
2014-06-09,3528.3,3540.19,3525.02,3532.47,0.0
2014-06-06,3516.25,3528.98,3516.25,3528.98,0.0
2014-06-05,3490.61,3514.53,3480.49,3512.21,0.0
2014-06-04,3480.5,3490.54,3472.55,3489.21,0.0
2014-06-03,3479.88,3483.5,3472.13,3482.0,0.0
2014-06-02,3481.15,3484.79,3466.99,3483.14,0.0
2014-05-30,3474.42,3481.1,3467.74,3480.29,0.0
2014-05-29,3456.8,3473.86,3455.54,3473.86,0.0
2014-05-28,3458.47,3463.34,3450.39,3454.88,0.0
2014-05-27,3440.29,3458.86,3440.29,3458.19,0.0
2014-05-23,3424.54,3438.82,3424.54,3437.58,0.0
2014-05-22,3415.21,3429.93,3410.22,3422.99,0.0
2014-05-21,3387.88,3415.84,3387.88,3414.45,0.0
2014-05-20,3408.26,3408.26,3378.05,3386.48,0.0
2014-05-19,3393.29,3410.14,3385.64,3408.52,0.0
2014-05-16,3383.16,3395.83,3371.64,3395.21,0.0
2014-05-15,3413.82,3413.82,3367.27,3382.52,0.0
2014-05-14,3429.39,3429.39,3408.86,3413.84,0.0
2014-05-13,3428.04,3437.83,3426.85,3429.3,0.0
2014-05-12,3396.98,3427.85,3396.98,3427.01,0.0
2014-05-09,3388.26,3394.13,3373.5,3394.05,0.0
2014-05-08,3391.47,3412.57,3378.38,3388.29,0.0
2014-05-07,3374.62,3393.16,3358.88,3392.1,0.0
2014-05-06,3400.55,3400.55,3371.72,3371.72,0.0
2014-05-05,3392.83,3403.77,3370.1,3402.23,0.0
2014-05-02,3403.12,3413.95,3390.97,3395.61,0.0
2014-05-01,3401.48,3409.0,3390.03,3400.2,0.0
2014-04-30,3388.1,3402.72,3380.2,3400.46,0.0
2014-04-29,3376.54,3394.19,3376.54,3390.16,0.0
2014-04-28,3366.05,3387.73,3340.08,3374.04,0.0
2014-04-25,3388.79,3388.79,3356.27,3362.95,0.0
2014-04-24,3396.46,3400.21,3375.29,3390.39,0.0
2014-04-23,3391.6,3392.26,3381.92,3384.5,0.0
2014-04-22,3378.98,3401.2,3378.98,3391.58,0.0
2014-04-21,3366.75,3377.76,3362.38,3377.75,0.0
2014-04-17,3359.36,3373.53,3350.49,3365.0,0.0
2014-04-16,3330.85,3360.27,3330.85,3360.27,0.0
2014-04-15,3304.5,3327.12,3277.24,3325.3,0.0
2014-04-14,3280.55,3309.44,3276.28,3302.98,0.0
2014-04-11,3303.03,3311.01,3273.74,3276.04,0.0
2014-04-10,3377.8,3378.24,3303.33,3307.08,0.0
2014-04-09,3342.36,3378.05,3341.91,3377.61,0.0
2014-04-08,3329.16,3346.08,3314.75,3340.84,0.0
2014-04-07,3361.32,3361.41,3320.86,3327.27,0.0
2014-04-04,3408.77,3421.23,3360.15,3363.41,0.0
2014-04-03,3410.79,3415.05,3394.96,3406.0,0.0
2014-04-02,3402.06,3413.89,3397.0,3409.8,0.0
2014-04-01,3378.66,3400.08,3378.66,3399.51,0.0
2014-03-31,3351.76,3380.62,3351.76,3375.51,0.0
2014-03-28,3335.22,3364.89,3335.22,3348.83,0.0
2014-03-27,3338.76,3344.93,3320.74,3333.23,0.0
2014-03-26,3365.19,3381.1,3339.0,3339.0,0.0
2014-03-25,3351.37,3373.7,3345.11,3362.44,0.0
2014-03-24,3365.79,3375.83,3333.42,3347.36,0.0
2014-03-21,3378.15,3395.0,3358.29,3363.72,0.0
2014-03-20,3352.12,3376.27,3342.32,3373.6,0.0
2014-03-19,3373.98,3377.35,3335.05,3353.29,0.0
2014-03-18,3349.96,3376.65,3349.96,3373.98,0.0
2014-03-17,3320.84,3355.96,3320.84,3349.71,0.0
2014-03-14,3324.9,3338.18,3315.13,3317.81,0.0
2014-03-13,3368.04,3377.59,3319.14,3327.11,0.0
2014-03-12,3362.39,3366.31,3341.19,3366.07,0.0
2014-03-11,3383.33,3390.68,3357.42,3364.17,0.0
2014-03-10,3382.46,3382.47,3363.18,3381.22,0.0
2014-03-07,3383.44,3392.39,3369.3,3382.57,0.0
2014-03-06,3375.37,3389.32,3375.37,3380.49,0.0
2014-03-05,3374.53,3378.81,3369.31,3374.1,0.0
2014-03-04,3329.2,3377.81,3329.2,3373.64,0.0
2014-03-03,3344.36,3344.36,3302.57,3322.85,0.0
2014-02-28,3339.58,3362.62,3326.24,3347.38,0.0
2014-02-27,3321.15,3338.48,3314.36,3338.05,0.0
2014-02-26,3322.28,3334.62,3313.1,3321.15,0.0
2014-02-25,3325.0,3334.39,3311.61,3320.43,0.0
2014-02-24,3305.34,3344.81,3305.34,3324.84,0.0
2014-02-21,3313.04,3322.15,3303.2,3304.36,0.0
2014-02-20,3291.3,3315.53,3282.92,3310.27,0.0
2014-02-19,3308.1,3323.55,3286.78,3289.83,0.0
2014-02-18,3308.17,3315.08,3300.94,3311.27,0.0
2014-02-14,3288.63,3312.35,3283.54,3306.92,0.0
2014-02-13,3263.83,3291.56,3253.9,3290.82,0.0
2014-02-12,3273.01,3284.12,3265.55,3271.47,0.0
2014-02-11,3236.06,3277.55,3236.06,3270.74,0.0
2014-02-10,3228.24,3234.95,3220.55,3234.79,0.0
2014-02-07,3191.89,3231.3,3191.89,3229.64,0.0
2014-02-06,3150.54,3188.24,3150.54,3187.25,0.0
2014-02-05,3149.62,3153.94,3121.85,3146.49,0.0
2014-02-04,3131.49,3158.27,3131.49,3151.94,0.0
2014-02-03,3201.12,3204.93,3123.87,3127.87,0.0
2014-01-31,3215.84,3221.21,3182.41,3200.95,0.0
2014-01-30,3191.22,3230.0,3191.22,3221.78,0.0
2014-01-29,3214.33,3214.33,3179.25,3185.7,0.0
2014-01-28,3201.17,3220.48,3195.38,3218.21,0.0
2014-01-27,3215.57,3224.33,3183.11,3198.57,0.0
2014-01-24,3279.97,3279.97,3214.13,3214.13,0.0
2014-01-23,3307.46,3307.46,3267.59,3282.64,0.0
2014-01-22,3311.78,3315.57,3304.92,3312.04,0.0
2014-01-21,3304.8,3319.5,3289.29,3309.74,0.0
2014-01-17,3310.44,3313.67,3294.36,3300.51,0.0
2014-01-16,3317.13,3317.13,3303.34,3313.36,0.0
2014-01-15,3303.64,3321.89,3303.64,3317.75,0.0
2014-01-14,3269.16,3301.23,3269.16,3300.61,0.0
2014-01-13,3304.86,3308.73,3258.77,3265.27,0.0
2014-01-10,3302.34,3307.83,3288.65,3306.77,0.0
2014-01-09,3300.44,3307.99,3285.24,3298.87,0.0
2014-01-08,3298.46,3302.25,3286.82,3297.74,0.0
2014-01-07,3281.0,3301.37,3281.0,3297.45,0.0
2014-01-06,3287.43,3296.11,3272.34,3277.48,0.0
2014-01-03,3288.99,3297.92,3281.69,3285.68,0.0
2014-01-02,3311.58,3311.58,3279.14,3286.69,0.0
2013-12-31,3305.28,3317.24,3305.03,3315.59,0.0
2013-12-30,3303.02,3304.8,3298.18,3302.3,0.0
2013-12-27,3305.47,3308.75,3299.85,3302.66,0.0
2013-12-26,3290.49,3304.6,3290.49,3303.15,0.0
2013-12-24,3278.04,3287.55,3278.04,3287.55,0.0
2013-12-23,3268.53,3280.53,3268.53,3277.62,0.0
2013-12-20,3245.58,3269.46,3245.58,3259.79,0.0
2013-12-19,3243.08,3246.36,3229.37,3244.15,0.0
2013-12-18,3193.27,3246.36,3169.13,3245.59,0.0
2013-12-17,3202.13,3202.3,3185.28,3192.33,0.0
2013-12-16,3185.99,3212.41,3185.99,3202.22,0.0
2013-12-13,3186.84,3191.9,3176.93,3182.07,0.0
2013-12-12,3193.46,3195.75,3176.62,3182.33,0.0
2013-12-11,3230.32,3230.43,3189.7,3193.52,0.0
2013-12-10,3238.64,3240.29,3228.16,3229.72,0.0
2013-12-09,3236.13,3245.57,3236.13,3239.99,0.0
2013-12-06,3204.02,3235.69,3204.02,3233.99,0.0
2013-12-05,3211.71,3211.71,3194.82,3197.76,0.0
2013-12-04,3212.2,3224.11,3187.03,3211.59,0.0
2013-12-03,3223.81,3223.81,3201.87,3214.95,0.0
2013-12-02,3235.18,3241.39,3221.0,3225.06,0.0
2013-11-29,3238.87,3247.56,3230.44,3233.72,0.0
2013-11-27,3229.42,3237.98,3228.18,3236.14,0.0
2013-11-26,3227.57,3237.49,3223.81,3227.36,0.0
2013-11-25,3233.42,3236.56,3223.15,3226.53,0.0
2013-11-22,3217.04,3230.55,3212.71,3230.54,0.0
2013-11-21,3192.09,3216.41,3192.09,3214.16,0.0
2013-11-20,3202.74,3213.71,3180.78,3188.04,0.0
2013-11-19,3204.74,3213.1,3193.88,3199.51,0.0
2013-11-18,3218.51,3224.79,3199.15,3205.46,0.0
2013-11-15,3203.75,3217.28,3203.75,3217.2,0.0
2013-11-14,3189.58,3205.28,3185.07,3203.65,0.0
2013-11-13,3156.11,3187.64,3149.49,3187.64,0.0
2013-11-12,3164.37,3168.37,3151.47,3161.1,0.0
2013-11-11,3164.95,3171.17,3161.41,3168.41,0.0
2013-11-08,3126.34,3166.16,3125.02,3166.11,0.0
2013-11-07,3166.29,3173.08,3122.47,3124.12,0.0
2013-11-06,3155.32,3170.86,3154.48,3165.13,0.0
2013-11-05,3154.78,3157.19,3137.07,3149.96,0.0
2013-11-04,3150.38,3159.81,3147.16,3158.47,0.0
2013-11-01,3141.95,3154.4,3131.25,3147.21,0.0
2013-10-31,3150.05,3159.48,3136.76,3138.09,0.0
2013-10-30,3165.93,3171.2,3139.23,3149.93,0.0
2013-10-29,3149.0,3165.37,3149.0,3165.11,0.0
2013-10-28,3142.56,3152.51,3139.44,3147.36,0.0
2013-10-25,3136.45,3143.25,3130.16,3143.16,0.0
2013-10-24,3121.21,3132.75,3117.68,3129.41,0.0
2013-10-23,3129.73,3129.73,3108.86,3119.2,0.0
2013-10-22,3119.35,3142.28,3119.35,3133.98,0.0
2013-10-21,3117.06,3121.69,3108.97,3116.09,0.0
2013-10-18,3101.87,3117.21,3100.12,3115.77,0.0
2013-10-17,3072.24,3095.92,3061.43,3095.42,0.0
2013-10-16,3036.94,3074.93,3036.94,3074.54,0.0
2013-10-15,3052.11,3056.36,3028.46,3032.27,0.0
2013-10-14,3035.47,3055.42,3021.93,3053.84,0.0
2013-10-11,3019.81,3041.86,3015.22,3041.43,0.0
2013-10-10,2965.86,3022.43,2965.86,3022.43,0.0
2013-10-09,2958.45,2968.24,2939.67,2957.4,0.0
2013-10-08,2992.48,2993.5,2955.11,2955.41,0.0
2013-10-07,3011.08,3011.08,2988.89,2991.39,0.0
2013-10-04,2996.15,3019.58,2993.56,3017.05,0.0
2013-10-03,3020.25,3020.25,2981.11,2995.81,0.0
2013-10-02,3019.44,3022.95,2998.86,3022.95,0.0
2013-10-01,3001.92,3027.15,3001.32,3024.38,0.0
2013-09-30,3010.37,3010.37,2988.48,3000.18,0.0
2013-09-27,3024.97,3024.97,3009.97,3018.24,0.0
2013-09-26,3022.18,3039.66,3020.61,3030.41,0.0
2013-09-25,3028.68,3035.26,3017.73,3019.31,0.0
2013-09-24,3036.75,3045.72,3023.27,3027.52,0.0
2013-09-23,3052.2,3052.2,3026.79,3035.09,0.0
2013-09-20,3071.81,3076.61,3047.81,3049.47,0.0
2013-09-19,3080.53,3085.02,3067.79,3071.61,0.0
2013-09-18,3041.53,3083.72,3031.97,3076.81,0.0
2013-09-17,3027.22,3041.11,3027.22,3039.75,0.0
2013-09-16,3016.42,3040.05,3016.42,3026.94,0.0
2013-09-13,3004.53,3011.11,2999.54,3009.79,0.0
2013-09-12,3011.93,3013.24,2999.05,3001.62,0.0
2013-09-11,2996.52,3010.94,2992.39,3010.94,0.0
2013-09-10,2984.13,3001.52,2984.13,3001.36,0.0
2013-09-09,2952.96,2980.62,2952.96,2979.45,0.0
2013-09-06,2953.85,2967.0,2923.88,2949.8,0.0
2013-09-05,2946.07,2956.54,2945.71,2949.27,0.0
2013-09-04,2923.6,2950.27,2917.71,2945.62,0.0
2013-09-03,2914.42,2941.86,2909.9,2921.23,0.0
2013-08-30,2919.5,2921.49,2900.23,2908.96,0.0
2013-08-29,2909.65,2932.59,2905.25,2917.96,0.0
2013-08-28,2903.45,2922.77,2898.57,2911.83,0.0
2013-08-27,2942.57,2942.57,2900.78,2903.29,0.0
2013-08-26,2963.5,2972.79,2948.77,2950.13,0.0
2013-08-23,2955.68,2964.46,2946.58,2962.06,0.0
2013-08-22,2928.72,2954.18,2928.72,2949.96,0.0
2013-08-21,2938.72,2949.99,2919.04,2924.73,0.0
2013-08-20,2931.72,2953.24,2930.44,2941.58,0.0
2013-08-19,2946.63,2953.52,2929.88,2930.27,0.0
2013-08-16,2957.06,2961.26,2941.95,2947.46,0.0
2013-08-15,2989.64,2989.64,2952.3,2957.08,0.0
2013-08-14,3014.53,3017.45,2998.43,2999.42,0.0
2013-08-13,3008.18,3019.05,2994.04,3014.43,0.0
2013-08-12,3003.45,3009.0,2994.75,3005.42,0.0
2013-08-09,3017.11,3022.94,2999.18,3008.79,0.0
2013-08-08,3011.66,3023.73,3003.14,3019.0,0.0
2013-08-07,3014.43,3014.43,2996.02,3006.63,0.0
2013-08-06,3032.13,3032.13,3009.94,3017.16,0.0
2013-08-05,3035.98,3038.08,3028.14,3034.43,0.0
2013-08-02,3032.28,3038.63,3022.82,3038.63,0.0
2013-08-01,3002.58,3035.26,3002.58,3033.59,0.0
2013-07-31,2999.33,3018.26,2994.43,2995.72,0.0
2013-07-30,2999.16,3008.53,2989.43,2995.68,0.0
2013-07-29,3003.32,3004.38,2988.29,2994.45,0.0
2013-07-26,2997.8,3005.83,2977.8,3005.51,0.0
2013-07-25,2994.05,3004.16,2984.92,3003.01,0.0
2013-07-24,3013.28,3017.4,2989.32,2995.3,0.0
2013-07-23,3014.26,3018.06,3004.59,3006.72,0.0
2013-07-22,3010.31,3015.94,3003.67,3012.3,0.0
2013-07-19,2995.58,3006.13,2991.94,3006.13,0.0
2013-07-18,2986.43,3007.87,2986.43,3001.21,0.0
2013-07-17,2980.52,2992.62,2980.52,2985.85,0.0
2013-07-16,2988.7,2990.53,2969.47,2977.26,0.0
2013-07-15,2983.18,2991.88,2980.16,2988.35,0.0
2013-07-12,2975.48,2984.24,2970.33,2984.24,0.0
2013-07-11,2943.78,2977.91,2943.78,2975.06,0.0
2013-07-10,2933.09,2944.38,2926.22,2934.97,0.0
2013-07-09,2917.57,2937.6,2917.57,2934.31,0.0
2013-07-08,2902.09,2920.69,2902.09,2913.2,0.0
2013-07-05,2873.62,2897.16,2866.73,2897.12,0.0
2013-07-03,2860.87,2874.17,2848.61,2867.85,0.0
2013-07-02,2865.84,2883.5,2852.5,2865.48,0.0
2013-07-01,2856.88,2886.66,2856.88,2866.41,0.0
2013-06-28,2859.23,2867.77,2841.38,2850.66,0.0
2013-06-27,2850.69,2874.73,2850.69,2862.92,0.0
2013-06-26,2824.97,2850.75,2824.97,2845.04,0.0
2013-06-25,2798.52,2827.33,2797.86,2817.44,0.0
2013-06-24,2818.48,2818.48,2768.16,2790.66,0.0
2013-06-21,2818.2,2836.93,2799.29,2824.97,0.0
2013-06-20,2881.61,2881.61,2810.44,2817.44,0.0
2013-06-19,2929.85,2930.95,2889.2,2889.25,0.0
2013-06-18,2908.41,2933.99,2908.41,2929.81,0.0
2013-06-17,2892.19,2920.3,2891.65,2907.12,0.0
2013-06-14,2900.82,2910.13,2880.32,2885.24,0.0
2013-06-13,2858.95,2906.99,2851.86,2902.32,0.0
2013-06-12,2889.82,2903.53,2856.1,2859.62,0.0
2013-06-11,2905.23,2907.5,2877.68,2883.07,0.0
2013-06-10,2915.75,2922.52,2906.26,2912.63,0.0
2013-06-07,2881.31,2915.22,2881.31,2913.46,0.0
2013-06-06,2852.58,2876.5,2833.49,2876.5,0.0
2013-06-05,2886.88,2887.23,2847.98,2851.89,0.0
2013-06-04,2907.46,2917.56,2877.19,2891.02,0.0
2013-06-03,2891.18,2906.91,2875.25,2906.91,0.0
2013-05-31,2927.35,2939.44,2889.45,2889.46,0.0
2013-05-30,2921.56,2944.17,2920.64,2931.39,0.0
2013-05-29,2934.27,2934.27,2905.49,2920.18,0.0
2013-05-28,2927.24,2965.42,2927.24,2940.45,0.0
2013-05-24,2916.62,2922.13,2899.57,2921.88,0.0
2013-05-23,2924.97,2931.85,2896.67,2923.43,0.0
2013-05-22,2956.1,2987.6,2919.74,2931.58,0.0
2013-05-21,2950.37,2965.33,2944.44,2955.69,0.0
2013-05-20,2949.44,2962.05,2945.63,2950.53,0.0
2013-05-17,2925.9,2952.56,2925.9,2952.56,0.0
2013-05-16,2935.72,2940.0,2919.09,2922.4,0.0
2013-05-15,2918.98,2940.81,2914.7,2936.98,0.0
2013-05-14,2891.14,2921.85,2891.14,2921.12,0.0
2013-05-13,2887.94,2894.8,2878.51,2891.17,0.0
2013-05-10,2878.3,2890.77,2873.06,2890.77,0.0
2013-05-09,2887.61,2891.71,2870.63,2878.3,0.0
2013-05-08,2874.45,2887.61,2868.8,2887.61,0.0
2013-05-07,2859.34,2874.46,2857.89,2874.46,0.0
2013-05-06,2853.89,2863.35,2853.52,2859.34,0.0
2013-05-03,2823.82,2860.71,2823.82,2853.88,0.0
2013-05-02,2797.27,2825.37,2797.27,2823.82,0.0
2013-05-01,2823.43,2823.43,2794.64,2797.28,0.0
2013-04-30,2816.4,2823.42,2803.97,2823.42,0.0
2013-04-29,2800.84,2821.71,2796.25,2816.39,0.0
2013-04-26,2801.28,2802.38,2787.87,2796.24,0.0
2013-04-25,2789.93,2814.3,2789.93,2801.28,0.0
2013-04-24,2788.08,2797.0,2784.3,2789.93,0.0
2013-04-23,2768.03,2790.93,2760.8,2789.56,0.0
2013-04-22,2747.93,2766.13,2735.46,2760.8,0.0
2013-04-19,2723.72,2748.95,2720.64,2747.94,0.0
2013-04-18,2745.57,2745.98,2714.23,2723.72,0.0
2013-04-17,2781.86,2781.86,2727.48,2742.01,0.0
2013-04-16,2764.83,2783.15,2742.62,2781.86,0.0
2013-04-15,2807.09,2807.09,2742.48,2742.63,0.0
2013-04-12,2810.51,2815.02,2791.5,2807.1,0.0
2013-04-11,2804.8,2821.5,2802.14,2815.02,0.0
2013-04-10,2770.85,2806.83,2770.85,2804.81,0.0
2013-04-09,2761.05,2780.11,2757.32,2770.84,0.0
2013-04-08,2742.86,2761.05,2734.65,2761.05,0.0
2013-04-05,2754.67,2754.67,2718.56,2742.86,0.0
2013-04-04,2744.67,2759.05,2741.37,2754.67,0.0
2013-04-03,2772.11,2774.16,2736.01,2743.38,0.0
2013-04-02,2757.82,2778.1,2757.82,2772.11,0.0
2013-04-01,2770.06,2772.49,2751.17,2757.83,0.0
2013-03-28,2758.85,2771.93,2755.72,2770.05,0.0
2013-03-27,2760.32,2760.85,2739.36,2758.85,0.0
2013-03-26,2738.08,2760.32,2738.08,2760.32,0.0
2013-03-25,2752.53,2761.32,2728.48,2738.08,0.0
2013-03-22,2727.68,2748.72,2727.68,2747.25,0.0
2013-03-21,2750.41,2750.41,2723.66,2727.69,0.0
2013-03-20,2732.09,2755.33,2732.09,2750.42,0.0
2013-03-19,2738.67,2747.76,2714.82,2732.09,0.0
2013-03-18,2753.83,2753.83,2726.36,2738.68,0.0
2013-03-15,2758.29,2758.98,2745.08,2753.82,0.0
2013-03-14,2742.88,2758.4,2742.88,2758.3,0.0
2013-03-13,2738.36,2745.25,2730.91,2742.87,0.0
2013-03-12,2744.8,2745.74,2730.78,2738.35,0.0
2013-03-11,2735.67,2744.81,2728.93,2744.81,0.0
2013-03-08,2723.27,2737.72,2720.95,2735.67,0.0
2013-03-07,2718.07,2725.69,2718.07,2723.27,0.0
2013-03-06,2714.35,2723.94,2711.46,2718.07,0.0
2013-03-05,2688.54,2720.68,2688.54,2714.35,0.0
2013-03-04,2676.18,2688.6,2665.9,2688.54,0.0
2013-03-01,2669.92,2679.28,2646.73,2676.18,0.0
2013-02-28,2672.11,2688.59,2669.49,2669.92,0.0
2013-02-27,2637.11,2678.67,2634.29,2672.11,0.0
2013-02-26,2621.47,2640.88,2616.67,2637.89,0.0
2013-02-25,2670.36,2688.34,2621.46,2621.46,0.0
2013-02-22,2646.75,2670.36,2646.75,2670.36,0.0
2013-02-21,2662.93,2662.93,2637.11,2646.75,0.0
2013-02-20,2696.26,2696.26,2661.87,2662.94,0.0
2013-02-19,2676.2,2696.26,2676.2,2696.26,0.0
2013-02-15,2679.37,2683.79,2666.02,2676.21,0.0
2013-02-14,2676.6,2681.55,2665.56,2678.77,0.0
2013-02-13,2673.77,2682.96,2667.63,2676.6,0.0
2013-02-12,2669.6,2678.61,2666.9,2673.77,0.0
2013-02-11,2669.85,2671.47,2663.26,2669.37,0.0
2013-02-08,2655.83,2671.49,2655.83,2670.85,0.0
2013-02-07,2659.56,2660.93,2635.58,2655.84,0.0
2013-02-06,2652.0,2659.95,2646.2,2659.55,0.0
2013-02-05,2630.05,2663.9,2630.05,2657.76,0.0
2013-02-04,2654.41,2660.69,2628.78,2630.05,0.0
2013-02-01,2641.37,2662.78,2634.16,2660.7,0.0
2013-01-31,2640.76,2644.61,2631.62,2634.16,0.0
2013-01-30,2650.43,2654.12,2636.84,2640.77,0.0
2013-01-29,2636.84,2652.96,2633.17,2650.43,0.0
2013-01-28,2641.64,2642.01,2629.99,2636.83,0.0
2013-01-25,2627.34,2642.14,2627.34,2641.64,0.0
2013-01-24,2618.3,2640.34,2618.3,2627.33,0.0
2013-01-23,2623.22,2629.5,2618.58,2627.23,0.0
2013-01-22,2611.76,2623.22,2603.08,2623.22,0.0
2013-01-18,2599.99,2611.54,2593.73,2611.54,0.0
2013-01-17,2588.02,2610.04,2588.02,2602.64,0.0
2013-01-16,2587.2,2590.03,2578.97,2588.02,0.0
2013-01-15,2584.27,2588.87,2572.25,2587.2,0.0
2013-01-14,2586.68,2586.68,2575.5,2586.68,0.0
2013-01-11,2586.52,2587.62,2578.56,2586.69,0.0
2013-01-10,2567.02,2586.78,2567.02,2586.52,0.0
2013-01-09,2560.18,2573.42,2560.18,2567.02,0.0
2013-01-08,2567.63,2567.63,2549.62,2560.17,0.0
2013-01-07,2575.66,2575.66,2558.43,2567.63,0.0
2013-01-04,2563.19,2578.25,2562.54,2575.66,0.0
2013-01-03,2568.55,2573.91,2556.48,2563.19,0.0
2013-01-02,2504.45,2568.55,2504.45,2568.55,0.0
2012-12-31,2462.71,2505.26,2455.12,2504.44,0.0
2012-12-28,2489.98,2489.98,2460.97,2462.71,0.0
2012-12-27,2492.55,2497.54,2460.9,2489.97,0.0
2012-12-26,2504.51,2509.35,2486.6,2492.54,0.0
2012-12-24,2510.32,2510.32,2500.68,2504.51,0.0
2012-12-21,2533.9,2533.9,2496.9,2510.32,0.0
2012-12-20,2519.54,2533.91,2514.29,2533.91,0.0
2012-12-19,2538.72,2540.4,2519.44,2519.54,0.0
2012-12-18,2509.84,2540.69,2509.84,2538.72,0.0
2012-12-17,2480.36,2510.22,2480.36,2509.84,0.0
2012-12-14,2490.57,2490.57,2477.39,2480.36,0.0
2012-12-13,2505.76,2510.81,2483.89,2490.56,0.0
2012-12-12,2504.08,2522.93,2502.31,2505.76,0.0
2012-12-11,2487.78,2513.97,2487.78,2504.08,0.0
2012-12-10,2486.83,2493.07,2482.57,2487.78,0.0
2012-12-07,2479.4,2490.55,2474.09,2486.84,0.0
2012-12-06,2470.6,2479.4,2464.72,2479.4,0.0
2012-12-05,2465.9,2480.75,2450.78,2470.59,0.0
2012-12-04,2470.08,2476.3,2460.49,2465.9,0.0
2012-12-03,2481.82,2494.98,2468.29,2470.07,0.0
2012-11-30,2481.41,2486.51,2473.84,2481.82,0.0
2012-11-29,2470.51,2487.58,2469.27,2481.42,0.0
2012-11-28,2450.47,2470.47,2426.98,2470.47,0.0
2012-11-27,2463.11,2467.88,2448.65,2450.48,0.0
2012-11-26,2468.05,2468.05,2447.99,2463.12,0.0
2012-11-23,2435.98,2468.06,2435.98,2468.06,0.0
2012-11-21,2430.26,2436.31,2427.8,2435.97,0.0
2012-11-20,2428.48,2433.52,2411.48,2430.29,0.0
2012-11-19,2381.02,2428.47,2381.02,2428.47,0.0
2012-11-16,2369.33,2384.33,2351.85,2381.02,0.0
2012-11-15,2372.94,2381.92,2359.97,2369.32,0.0
2012-11-14,2405.39,2415.19,2367.17,2372.94,0.0
2012-11-13,2414.24,2429.5,2399.13,2405.38,0.0
2012-11-12,2413.93,2422.67,2409.32,2414.24,0.0
2012-11-09,2409.73,2434.01,2402.07,2413.92,0.0
2012-11-08,2439.47,2451.11,2409.7,2409.72,0.0
2012-11-07,2496.46,2496.46,2426.86,2439.48,0.0
2012-11-06,2476.95,2505.0,2476.95,2496.46,0.0
2012-11-05,2471.3,2481.19,2460.77,2476.94,0.0
2012-11-02,2494.67,2506.34,2469.01,2471.3,0.0
2012-11-01,2467.51,2495.8,2467.51,2494.67,0.0
2012-10-31,2466.8,2478.65,2456.37,2467.51,0.0
2012-10-26,2468.59,2475.62,2451.7,2466.8,0.0
2012-10-25,2461.17,2482.54,2454.97,2468.6,0.0
2012-10-24,2468.78,2480.82,2458.28,2461.18,0.0
2012-10-23,2504.96,2504.96,2459.59,2468.78,0.0
2012-10-22,2503.81,2507.69,2484.42,2504.96,0.0
2012-10-19,2545.94,2545.94,2498.32,2503.8,0.0
2012-10-18,2552.05,2557.48,2537.6,2545.95,0.0
2012-10-17,2541.28,2553.94,2538.63,2552.05,0.0
2012-10-16,2515.45,2542.15,2515.45,2541.28,0.0
2012-10-15,2495.28,2517.41,2493.01,2515.44,0.0
2012-10-12,2502.65,2512.36,2489.97,2495.28,0.0
2012-10-11,2501.74,2521.53,2501.74,2502.66,0.0
2012-10-10,2517.13,2518.95,2498.25,2501.75,0.0
2012-10-09,2542.21,2542.21,2516.56,2517.14,0.0
2012-10-08,2551.03,2551.03,2537.41,2542.21,0.0
2012-10-05,2550.99,2567.68,2543.13,2551.03,0.0
2012-10-04,2532.78,2553.89,2532.78,2550.98,0.0
2012-10-03,2523.07,2537.99,2516.89,2532.79,0.0
2012-10-02,2521.59,2532.98,2511.15,2523.08,0.0
2012-10-01,2514.32,2542.64,2514.32,2520.71,0.0
2012-09-28,2525.18,2525.18,2505.26,2513.93,0.0
2012-09-27,2500.93,2530.38,2500.93,2525.23,0.0
2012-09-26,2514.85,2514.85,2495.54,2500.92,0.0
2012-09-25,2541.23,2552.31,2514.55,2514.83,0.0
2012-09-24,2546.92,2547.88,2532.81,2541.23,0.0
2012-09-21,2547.24,2558.98,2545.8,2546.92,0.0
2012-09-20,2548.11,2548.4,2528.85,2547.11,0.0
2012-09-19,2545.36,2555.18,2542.53,2548.11,0.0
2012-09-18,2548.26,2548.63,2539.43,2545.05,0.0
2012-09-17,2556.13,2556.13,2541.79,2548.26,0.0
2012-09-14,2546.03,2571.34,2546.03,2556.13,0.0
2012-09-13,2504.83,2552.26,2502.74,2546.03,0.0
2012-09-12,2498.94,2508.64,2497.95,2504.84,0.0
2012-09-11,2491.2,2506.24,2491.2,2498.95,0.0
2012-09-10,2506.37,2507.75,2490.91,2491.11,0.0
2012-09-07,2496.13,2506.37,2495.09,2506.37,0.0
2012-09-06,2445.81,2496.12,2445.81,2496.12,0.0
2012-09-05,2447.8,2454.54,2441.49,2445.81,0.0
2012-09-04,2450.54,2455.19,2433.29,2447.8,0.0
2012-08-31,2438.19,2461.91,2437.29,2450.6,0.0
2012-08-30,2457.05,2457.05,2433.56,2438.2,0.0
2012-08-29,2454.39,2462.45,2449.64,2457.05,0.0
2012-08-28,2456.23,2461.78,2447.8,2454.39,0.0
2012-08-27,2457.41,2466.18,2453.89,2456.22,0.0
2012-08-24,2441.28,2460.94,2434.25,2457.4,0.0
2012-08-23,2461.11,2461.11,2438.55,2441.29,0.0
2012-08-22,2460.26,2465.52,2449.28,2461.12,0.0
2012-08-21,2468.99,2483.87,2456.33,2460.41,0.0
2012-08-20,2468.99,2468.99,2458.48,2468.99,0.0
2012-08-17,2464.37,2469.86,2462.91,2469.0,0.0
2012-08-16,2446.82,2467.56,2444.42,2464.38,0.0
2012-08-15,2443.09,2449.78,2439.72,2446.82,0.0
2012-08-14,2443.05,2453.31,2436.94,2443.16,0.0
2012-08-13,2445.65,2445.65,2430.77,2443.05,0.0
2012-08-10,2440.23,2445.69,2427.86,2445.64,0.0
2012-08-09,2438.16,2444.52,2432.21,2440.23,0.0
2012-08-08,2435.88,2440.72,2426.93,2438.16,0.0
2012-08-07,2423.46,2445.9,2423.46,2435.88,0.0
2012-08-06,2417.86,2432.79,2417.86,2423.46,0.0
2012-08-03,2372.31,2422.99,2372.31,2417.77,0.0
2012-08-02,2389.74,2389.74,2354.13,2372.31,0.0
2012-08-01,2396.61,2406.46,2386.24,2389.73,0.0
2012-07-31,2406.99,2410.17,2396.46,2396.62,0.0
2012-07-30,2408.07,2418.09,2400.2,2406.99,0.0
2012-07-27,2362.84,2413.52,2362.84,2408.07,0.0
2012-07-26,2324.34,2368.13,2324.34,2362.85,0.0
2012-07-25,2325.01,2334.86,2313.27,2324.33,0.0
2012-07-24,2346.23,2347.91,2309.27,2325.02,0.0
2012-07-23,2367.26,2367.26,2323.71,2346.22,0.0
2012-07-20,2391.27,2391.27,2366.43,2367.26,0.0
2012-07-19,2384.94,2397.71,2381.81,2391.27,0.0
2012-07-18,2368.36,2388.49,2360.51,2384.54,0.0
2012-07-17,2351.01,2371.27,2336.07,2368.36,0.0
2012-07-16,2356.39,2357.22,2342.46,2350.94,0.0
2012-07-13,2318.1,2357.75,2318.1,2356.4,0.0
2012-07-12,2329.7,2329.7,2301.93,2318.09,0.0
2012-07-11,2329.45,2335.58,2315.39,2329.71,0.0
2012-07-10,2348.52,2364.26,2320.53,2329.46,0.0
2012-07-09,2352.35,2352.65,2338.46,2348.52,0.0
2012-07-06,2373.91,2373.91,2339.97,2352.34,0.0
2012-07-05,2385.06,2385.06,2366.07,2373.91,0.0
2012-07-03,2369.74,2385.88,2366.31,2385.06,0.0
2012-07-02,2364.09,2371.04,2352.58,2369.75,0.0
2012-06-29,2308.09,2363.79,2308.09,2363.79,0.0
2012-06-28,2310.98,2310.98,2278.84,2306.22,0.0
2012-06-27,2289.87,2314.87,2289.87,2310.98,0.0
2012-06-26,2278.98,2297.2,2273.05,2289.86,0.0
2012-06-25,2315.65,2315.65,2271.02,2278.98,0.0
2012-06-22,2299.15,2320.48,2299.15,2315.65,0.0
2012-06-21,2351.13,2355.59,2296.94,2299.16,0.0
2012-06-20,2355.11,2361.13,2335.36,2351.14,0.0
2012-06-19,2332.16,2364.47,2332.16,2355.01,0.0
2012-06-18,2328.67,2338.0,2314.14,2332.07,0.0
2012-06-15,2304.83,2329.45,2304.83,2328.66,0.0
2012-06-14,2280.13,2312.33,2278.88,2304.83,0.0
2012-06-13,2295.13,2300.73,2271.83,2280.13,0.0
2012-06-12,2268.93,2295.59,2265.02,2295.4,0.0
2012-06-11,2297.82,2314.91,2266.99,2268.94,0.0
2012-06-08,2279.28,2298.04,2266.77,2297.82,0.0
2012-06-07,2279.42,2303.54,2275.41,2279.28,0.0
2012-06-06,2227.65,2279.42,2227.65,2279.42,0.0
2012-06-05,2214.71,2230.82,2207.74,2227.45,0.0
2012-06-04,2214.4,2222.13,2194.89,2214.7,0.0
2012-06-01,2270.25,2270.25,2212.94,2214.41,0.0
2012-05-31,2275.19,2286.08,2250.2,2270.25,0.0
2012-05-30,2307.57,2307.57,2270.74,2275.19,0.0
2012-05-29,2281.92,2311.51,2281.92,2307.57,0.0
2012-05-25,2287.09,2292.83,2275.75,2281.92,0.0
2012-05-24,2283.12,2292.48,2268.89,2286.87,0.0
2012-05-23,2279.41,2286.47,2244.61,2283.36,0.0
2012-05-22,2278.42,2299.78,2268.19,2279.4,0.0
2012-05-21,2242.25,2278.9,2242.25,2278.24,0.0
2012-05-18,2258.93,2271.7,2236.73,2242.25,0.0
2012-05-17,2293.24,2295.77,2258.69,2258.93,0.0
2012-05-16,2302.77,2321.79,2292.42,2293.21,0.0
2012-05-15,2315.47,2326.83,2298.25,2302.56,0.0
2012-05-14,2341.23,2341.23,2312.24,2315.45,0.0
2012-05-11,2348.92,2362.16,2333.31,2341.23,0.0
2012-05-10,2342.32,2361.86,2342.32,2348.93,0.0
2012-05-09,2357.45,2357.45,2321.89,2342.31,0.0
2012-05-08,2367.26,2367.26,2329.61,2357.45,0.0
2012-05-07,2366.39,2374.68,2357.52,2367.26,0.0
2012-05-04,2405.16,2405.16,2364.39,2366.39,0.0
2012-05-03,2423.3,2424.62,2399.82,2405.17,0.0
2012-05-02,2428.54,2428.54,2408.87,2423.29,0.0
2012-05-01,2415.41,2445.48,2411.65,2429.1,0.0
2012-04-30,2424.79,2424.79,2408.61,2415.42,0.0
2012-04-27,2419.26,2430.38,2414.37,2424.78,0.0
2012-04-26,2402.62,2422.41,2396.96,2418.89,0.0
2012-04-25,2370.04,2403.51,2370.04,2402.71,0.0
2012-04-24,2361.4,2376.22,2361.4,2370.04,0.0
2012-04-23,2381.32,2381.32,2347.34,2361.35,0.0
2012-04-20,2378.48,2396.48,2378.48,2381.32,0.0
2012-04-19,2392.56,2401.68,2367.03,2378.48,0.0
2012-04-18,2402.3,2402.3,2389.43,2392.57,0.0
2012-04-17,2365.65,2405.69,2365.65,2402.29,0.0
2012-04-16,2366.86,2382.92,2358.41,2365.65,0.0
2012-04-13,2396.7,2396.7,2366.09,2366.84,0.0
2012-04-12,2364.1,2397.64,2364.1,2396.69,0.0
2012-04-11,2346.94,2374.05,2346.94,2364.09,0.0
2012-04-10,2387.03,2388.43,2344.16,2346.27,0.0
2012-04-09,2414.39,2414.39,2380.13,2387.03,0.0
2012-04-05,2415.05,2419.61,2404.7,2414.4,0.0
2012-04-04,2439.89,2439.89,2406.59,2415.05,0.0
2012-04-03,2448.97,2448.97,2424.18,2439.89,0.0
2012-04-02,2430.68,2454.63,2423.78,2449.08,0.0
2012-03-30,2421.71,2434.84,2418.67,2430.67,0.0
2012-03-29,2425.29,2425.29,2402.06,2421.7,0.0
2012-03-28,2437.01,2438.93,2410.58,2425.55,0.0
2012-03-27,2443.64,2448.16,2435.77,2437.01,0.0
2012-03-26,2410.17,2443.7,2410.17,2443.64,0.0
2012-03-23,2402.7,2413.74,2392.62,2410.16,0.0
2012-03-22,2420.01,2420.01,2395.58,2402.71,0.0
2012-03-21,2424.47,2428.26,2416.12,2420.02,0.0
2012-03-20,2431.73,2431.73,2410.91,2424.46,0.0
2012-03-19,2422.09,2438.91,2419.18,2431.73,0.0
2012-03-16,2419.29,2425.03,2417.44,2422.09,0.0
2012-03-15,2404.8,2419.39,2402.4,2419.37,0.0
2012-03-14,2407.79,2413.78,2397.58,2404.98,0.0
2012-03-13,2364.09,2407.79,2364.09,2407.79,0.0
2012-03-12,2363.57,2367.29,2356.36,2364.1,0.0
2012-03-09,2355.01,2370.25,2355.01,2363.56,0.0
2012-03-08,2331.9,2359.6,2331.9,2355.01,0.0
2012-03-07,2315.26,2335.0,2315.26,2331.89,0.0
2012-03-06,2351.27,2351.27,2309.51,2315.21,0.0
2012-03-05,2360.21,2360.21,2342.19,2351.28,0.0
2012-03-02,2367.87,2368.61,2354.67,2360.28,0.0
2012-03-01,2353.23,2371.25,2353.23,2367.87,0.0
2012-02-29,2364.04,2374.11,2349.87,2353.23,0.0
2012-02-28,2355.75,2365.1,2352.96,2364.03,0.0
2012-02-27,2352.34,2362.86,2333.7,2355.74,0.0
2012-02-24,2348.11,2357.48,2348.11,2352.34,0.0
2012-02-23,2337.67,2348.9,2328.41,2348.11,0.0
2012-02-22,2345.41,2346.26,2334.05,2337.67,0.0
2012-02-21,2343.67,2354.88,2338.42,2345.41,0.0
2012-02-17,2338.14,2347.34,2336.77,2343.67,0.0
2012-02-16,2312.28,2339.22,2308.94,2338.12,0.0
2012-02-15,2324.0,2333.14,2307.45,2312.28,0.0
2012-02-14,2325.81,2325.81,2307.02,2324.0,0.0
2012-02-13,2309.6,2328.02,2309.6,2325.81,0.0
2012-02-10,2325.56,2325.56,2300.59,2309.6,0.0
2012-02-09,2322.11,2329.54,2313.08,2325.56,0.0
2012-02-08,2316.25,2323.01,2307.59,2322.11,0.0
2012-02-07,2311.55,2319.99,2297.34,2316.27,0.0
2012-02-06,2312.48,2312.48,2299.9,2311.55,0.0
2012-02-03,2278.91,2312.94,2278.91,2312.49,0.0
2012-02-02,2276.24,2284.89,2271.91,2278.92,0.0
2012-02-01,2255.76,2286.65,2255.76,2276.24,0.0
2012-01-31,2256.71,2271.13,2245.94,2255.69,0.0
2012-01-30,2262.35,2262.35,2235.27,2256.72,0.0
2012-01-27,2265.84,2268.59,2254.31,2262.35,0.0
2012-01-26,2278.83,2291.58,2257.44,2265.84,0.0
2012-01-25,2259.21,2282.67,2247.18,2278.83,0.0
2012-01-24,2261.4,2261.4,2244.39,2259.22,0.0
2012-01-23,2260.37,2272.21,2250.93,2261.47,0.0
2012-01-20,2258.79,2260.37,2249.64,2260.37,0.0
2012-01-19,2247.64,2260.45,2247.64,2258.8,0.0
2012-01-18,2222.59,2247.64,2218.0,2247.64,0.0
2012-01-17,2214.72,2238.55,2214.72,2222.59,0.0
2012-01-13,2225.74,2225.74,2195.07,2214.73,0.0
2012-01-12,2220.49,2227.78,2209.12,2225.74,0.0
2012-01-11,2219.47,2222.5,2208.14,2220.48,0.0
2012-01-10,2200.12,2226.99,2200.12,2219.58,0.0
2012-01-09,2194.99,2202.17,2189.52,2200.0,0.0
2012-01-06,2199.52,2201.08,2186.48,2194.98,0.0
2012-01-05,2193.27,2203.15,2172.6,2199.73,0.0
2012-01-04,2192.4,2195.26,2177.02,2193.28,0.0
2012-01-03,2158.93,2205.23,2158.93,2192.4,0.0
2011-12-30,2167.78,2170.01,2158.58,2158.94,0.0
2011-12-29,2145.1,2168.96,2145.1,2168.12,0.0
2011-12-28,2171.62,2172.42,2142.89,2145.09,0.0
2011-12-27,2171.5,2178.43,2166.3,2171.71,0.0
2011-12-23,2152.04,2171.63,2152.04,2171.5,0.0
2011-12-22,2133.86,2153.59,2133.86,2152.04,0.0
2011-12-21,2129.66,2136.17,2109.44,2133.86,0.0
2011-12-20,2067.67,2131.94,2067.67,2129.67,0.0
2011-12-19,2092.33,2100.61,2062.53,2067.67,0.0
2011-12-16,2085.43,2111.66,2084.49,2092.18,0.0
2011-12-15,2078.51,2102.15,2078.51,2085.44,0.0
2011-12-14,2102.14,2102.14,2074.25,2078.51,0.0
2011-12-13,2120.15,2143.11,2090.93,2102.15,0.0
2011-12-12,2151.9,2151.9,2104.24,2120.15,0.0
2011-12-09,2116.4,2157.38,2116.4,2152.15,0.0
2011-12-08,2162.07,2162.07,2111.43,2116.41,0.0
2011-12-07,2157.1,2171.82,2133.66,2162.07,0.0
2011-12-06,2154.68,2170.02,2147.74,2157.1,0.0
2011-12-05,2132.73,2171.12,2132.73,2154.68,0.0
2011-12-02,2133.07,2159.63,2130.96,2132.64,0.0
2011-12-01,2137.08,2144.16,2124.69,2133.07,0.0
2011-11-30,2050.68,2137.08,2050.68,2137.08,0.0
2011-11-29,2042.81,2061.86,2041.52,2048.06,0.0
2011-11-28,1984.51,2050.76,1984.51,2042.8,0.0
2011-11-25,1989.54,2008.15,1984.18,1984.5,0.0
2011-11-23,2034.42,2034.42,1989.47,1989.54,0.0
2011-11-22,2042.7,2049.26,2023.3,2034.41,0.0
2011-11-21,2081.42,2081.42,2026.95,2042.71,0.0
2011-11-18,2082.1,2094.74,2073.94,2081.28,0.0
2011-11-17,2117.64,2119.04,2070.59,2082.06,0.0
2011-11-16,2152.79,2155.87,2114.9,2117.02,0.0
2011-11-15,2142.09,2163.43,2129.48,2152.41,0.0
2011-11-14,2162.48,2162.48,2133.1,2141.82,0.0
2011-11-11,2121.87,2167.83,2121.87,2162.48,0.0
2011-11-10,2103.58,2132.02,2100.33,2120.86,0.0
2011-11-09,2181.34,2181.34,2098.3,2102.5,0.0
2011-11-08,2156.0,2184.08,2145.52,2181.31,0.0
2011-11-07,2142.31,2156.83,2121.01,2155.84,0.0
2011-11-04,2155.29,2155.29,2117.86,2142.32,0.0
2011-11-03,2116.29,2158.95,2110.41,2155.44,0.0
2011-11-02,2084.27,2123.33,2084.27,2115.51,0.0
2011-11-01,2137.88,2137.88,2077.07,2081.96,0.0
2011-10-31,2195.91,2195.91,2141.56,2141.8,0.0
2011-10-28,2194.87,2199.47,2182.26,2196.06,0.0
2011-10-27,2125.69,2208.88,2125.69,2195.09,0.0
2011-10-26,2100.37,2129.6,2086.52,2122.29,0.0
2011-10-25,2142.57,2142.57,2096.3,2100.17,0.0
2011-10-24,2116.66,2147.14,2116.66,2143.11,0.0
2011-10-21,2076.76,2117.14,2076.76,2115.81,0.0
2011-10-20,2067.35,2083.77,2045.85,2076.69,0.0
2011-10-19,2090.16,2100.71,2060.87,2066.96,0.0
2011-10-18,2051.36,2106.63,2035.52,2093.43,0.0
2011-10-17,2091.82,2091.82,2047.53,2051.48,0.0
2011-10-14,2059.66,2092.05,2059.66,2091.99,0.0
2011-10-13,2061.72,2062.58,2033.74,2056.08,0.0
2011-10-12,2043.02,2084.1,2043.02,2061.91,0.0
2011-10-11,2040.27,2048.19,2027.8,2041.86,0.0
2011-10-10,1978.0,2040.8,1978.0,2040.76,0.0
2011-10-07,1989.7,2000.59,1964.48,1973.37,0.0
2011-10-06,1953.8,1990.41,1938.14,1989.42,0.0
2011-10-05,1918.53,1956.15,1904.28,1952.68,0.0
2011-10-04,1872.87,1920.14,1834.21,1918.14,0.0
2011-10-03,1930.43,1943.71,1875.32,1875.85,0.0
2011-09-30,1979.43,1979.43,1930.65,1930.78,0.0
2011-09-29,1965.36,2006.53,1945.2,1980.13,0.0
2011-09-28,2005.22,2021.13,1962.59,1963.71,0.0
2011-09-27,1984.61,2040.11,1984.61,2005.18,0.0
2011-09-26,1939.54,1986.1,1929.59,1983.97,0.0
2011-09-23,1925.49,1947.5,1912.77,1938.47,0.0
2011-09-22,1986.43,1986.43,1900.57,1926.75,0.0
2011-09-21,2053.02,2057.58,1989.19,1990.14,0.0
2011-09-20,2054.44,2081.55,2048.96,2050.33,0.0
2011-09-19,2072.32,2072.32,2026.89,2053.73,0.0
2011-09-16,2062.42,2080.92,2054.31,2074.03,0.0
2011-09-15,2028.34,2062.25,2028.34,2061.89,0.0
2011-09-14,2000.84,2050.39,1982.78,2027.03,0.0
2011-09-13,1981.85,2005.41,1973.07,1999.38,0.0
2011-09-12,1966.22,1981.61,1936.51,1981.16,0.0
2011-09-09,2020.52,2020.52,1957.45,1967.44,0.0
2011-09-08,2041.95,2052.89,2016.99,2021.36,0.0
2011-09-07,1986.71,2043.05,1986.71,2042.56,0.0
2011-09-06,2000.5,2000.5,1942.84,1985.63,0.0
2011-09-02,2051.42,2051.42,1994.61,2000.4,0.0
2011-09-01,2077.16,2094.49,2051.15,2052.12,0.0
2011-08-31,2066.51,2096.67,2060.28,2076.54,0.0
2011-08-30,2060.49,2078.1,2036.67,2065.88,0.0
2011-08-29,2006.0,2061.13,2006.0,2060.79,0.0
2011-08-26,1973.25,2011.35,1934.18,2003.81,0.0
2011-08-25,2003.59,2027.4,1967.46,1973.92,0.0
2011-08-24,1978.57,2006.49,1968.59,2004.86,0.0
2011-08-23,1914.19,1978.89,1911.72,1978.87,0.0
2011-08-22,1912.81,1950.17,1908.63,1913.27,0.0
2011-08-19,1941.61,1965.57,1910.27,1912.77,0.0
2011-08-18,2025.15,2025.15,1925.42,1941.78,0.0
2011-08-17,2030.14,2056.66,2015.62,2031.83,0.0
2011-08-16,2049.06,2049.06,2008.74,2029.56,0.0
2011-08-15,2005.76,2049.51,2005.76,2049.36,0.0
2011-08-12,1995.54,2023.04,1991.91,2005.64,0.0
2011-08-11,1907.46,2018.01,1907.46,1994.79,0.0
2011-08-10,1992.46,1992.46,1901.05,1905.72,0.0
2011-08-09,1904.79,1994.3,1873.01,1993.72,0.0
2011-08-08,2037.52,2037.52,1902.87,1903.18,0.0
2011-08-05,2040.56,2070.87,1985.83,2039.02,0.0
2011-08-04,2142.38,2142.38,2039.21,2040.11,0.0
2011-08-03,2131.46,2143.26,2097.99,2141.8,0.0
2011-08-02,2186.35,2186.35,2131.07,2131.1,0.0
2011-08-01,2196.6,2221.74,2166.25,2187.0,0.0
2011-07-29,2209.39,2216.27,2180.07,2196.08,0.0
2011-07-28,2217.2,2236.72,2207.54,2210.11,0.0
2011-07-27,2263.1,2263.1,2214.8,2217.18,0.0
2011-07-26,2272.41,2274.31,2259.15,2263.14,0.0
2011-07-25,2284.16,2284.16,2261.68,2272.46,0.0
2011-07-22,2283.23,2287.13,2271.59,2285.29,0.0
2011-07-21,2252.2,2288.47,2252.2,2283.04,0.0
2011-07-20,2257.0,2260.0,2248.49,2252.21,0.0
2011-07-19,2220.33,2256.11,2220.33,2253.71,0.0
2011-07-18,2235.3,2235.3,2201.3,2217.46,0.0
2011-07-15,2223.29,2238.28,2220.99,2235.65,0.0
2011-07-14,2238.33,2253.85,2219.24,2223.25,0.0
2011-07-13,2232.52,2261.44,2232.52,2238.08,0.0
2011-07-12,2241.28,2254.11,2230.61,2231.14,0.0
2011-07-11,2281.48,2281.48,2235.81,2241.03,0.0
2011-07-08,2296.91,2296.91,2265.17,2282.32,0.0
2011-07-07,2275.09,2303.73,2275.09,2298.19,0.0
2011-07-06,2270.75,2276.48,2259.48,2273.58,0.0
2011-07-05,2274.13,2276.32,2265.14,2271.22,0.0
2011-07-01,2241.66,2276.24,2237.48,2273.96,0.0
2011-06-30,2219.59,2243.91,2219.59,2241.65,0.0
2011-06-29,2200.98,2221.96,2200.98,2218.91,0.0
2011-06-28,2172.27,2200.68,2172.27,2200.21,0.0
2011-06-27,2152.3,2180.25,2150.76,2172.08,0.0
2011-06-24,2177.08,2178.59,2150.27,2152.31,0.0
2011-06-23,2183.12,2183.12,2142.84,2177.85,0.0
2011-06-22,2198.08,2203.39,2183.34,2183.93,0.0
2011-06-21,2168.86,2201.47,2168.86,2197.9,0.0
2011-06-20,2157.13,2172.28,2150.45,2168.78,0.0
2011-06-17,2152.18,2171.25,2150.17,2157.14,0.0
2011-06-16,2146.63,2161.19,2133.97,2150.2,0.0
2011-06-15,2184.48,2184.48,2140.44,2146.41,0.0
2011-06-14,2157.81,2192.21,2157.81,2184.36,0.0
2011-06-13,2155.56,2165.27,2145.95,2156.43,0.0
2011-06-10,2184.84,2184.84,2150.38,2154.96,0.0
2011-06-09,2169.63,2194.91,2169.63,2185.52,0.0
2011-06-08,2177.62,2181.7,2165.38,2169.01,0.0
2011-06-07,2180.38,2197.17,2177.71,2178.06,0.0
2011-06-06,2203.98,2203.98,2177.63,2180.09,0.0
2011-06-03,2225.36,2225.36,2199.88,2203.71,0.0
2011-06-02,2227.96,2233.87,2212.81,2225.24,0.0
2011-06-01,2279.66,2279.66,2226.31,2227.72,0.0
2011-05-31,2255.74,2279.66,2255.74,2279.63,0.0
2011-05-27,2246.13,2261.27,2246.13,2255.3,0.0
2011-05-26,2237.04,2250.36,2226.49,2245.58,0.0
2011-05-25,2229.63,2245.72,2221.91,2236.6,0.0
2011-05-24,2231.88,2242.08,2225.39,2229.47,0.0
2011-05-23,2257.88,2257.88,2223.68,2231.28,0.0
2011-05-20,2275.39,2275.39,2253.76,2258.21,0.0
2011-05-19,2270.57,2281.02,2263.43,2275.52,0.0
2011-05-18,2249.84,2272.1,2246.24,2270.16,0.0
2011-05-17,2250.61,2252.01,2232.11,2249.78,0.0
2011-05-16,2264.5,2273.86,2246.88,2250.46,0.0
2011-05-13,2282.8,2286.09,2257.14,2264.44,0.0
2011-05-12,2271.43,2286.62,2254.4,2282.58,0.0
2011-05-11,2295.67,2295.67,2260.61,2270.22,0.0
2011-05-10,2278.08,2299.55,2278.08,2295.68,0.0
2011-05-09,2266.76,2282.61,2264.32,2277.28,0.0
2011-05-06,2258.96,2290.68,2258.84,2266.7,0.0
2011-05-05,2277.96,2279.81,2247.82,2257.97,0.0
2011-05-04,2294.15,2294.15,2268.25,2278.23,0.0
2011-05-03,2301.72,2301.72,2281.91,2293.94,0.0
2011-05-02,2305.76,2317.55,2297.24,2301.72,0.0
2011-04-29,2300.42,2307.32,2297.43,2305.76,0.0
2011-04-28,2292.03,2302.31,2288.59,2300.29,0.0
2011-04-27,2277.83,2295.1,2272.47,2291.74,0.0
2011-04-26,2257.48,2281.56,2257.48,2277.51,0.0
2011-04-25,2260.83,2261.18,2250.84,2257.22,0.0
2011-04-21,2249.25,2260.93,2249.25,2260.78,0.0
2011-04-20,2219.04,2252.64,2219.04,2248.84,0.0
2011-04-19,2206.24,2218.9,2204.18,2218.81,0.0
2011-04-18,2229.98,2229.98,2188.47,2206.12,0.0
2011-04-15,2222.32,2236.15,2220.57,2230.7,0.0
2011-04-14,2221.51,2225.78,2201.64,2221.95,0.0
2011-04-13,2221.12,2233.27,2212.73,2221.55,0.0
2011-04-12,2238.5,2238.5,2213.26,2221.1,0.0
2011-04-11,2244.76,2254.25,2232.68,2238.46,0.0
2011-04-08,2254.05,2263.8,2235.91,2244.73,0.0
2011-04-07,2257.1,2262.58,2242.28,2253.67,0.0
2011-04-06,2251.81,2262.63,2248.85,2256.17,0.0
2011-04-05,2251.64,2260.64,2246.85,2251.24,0.0
2011-04-04,2250.81,2257.81,2244.95,2251.36,0.0
2011-04-01,2239.45,2259.73,2239.45,2250.57,0.0
2011-03-31,2243.4,2246.13,2238.11,2239.44,0.0
2011-03-30,2235.13,2249.17,2228.88,2243.3,0.0
2011-03-29,2212.41,2228.41,2203.91,2227.94,0.0
2011-03-28,2218.61,2228.4,2212.32,2212.32,0.0
2011-03-25,2211.43,2227.49,2211.43,2218.42,0.0
2011-03-24,2191.39,2214.23,2191.13,2211.42,0.0
2011-03-23,2184.57,2195.93,2168.23,2190.94,0.0
2011-03-22,2192.16,2193.9,2182.45,2184.3,0.0
2011-03-21,2162.78,2195.79,2162.78,2192.07,0.0
2011-03-18,2150.85,2175.97,2150.85,2159.69,0.0
2011-03-17,2122.01,2159.08,2122.01,2150.37,0.0
2011-03-16,2163.58,2163.58,2108.41,2121.86,0.0
2011-03-15,2188.56,2188.56,2129.12,2164.06,0.0
2011-03-14,2200.37,2200.37,2171.61,2188.48,0.0
2011-03-11,2181.52,2208.01,2180.5,2201.14,0.0
2011-03-10,2226.05,2226.05,2184.22,2185.65,0.0
2011-03-09,2227.19,2232.66,2214.17,2227.37,0.0
2011-03-08,2210.04,2236.58,2204.83,2229.98,0.0
2011-03-07,2229.99,2239.76,2199.84,2210.18,0.0
2011-03-04,2245.28,2245.62,2214.33,2228.77,0.0
2011-03-03,2207.41,2247.5,2207.41,2245.24,0.0
2011-03-02,2203.22,2216.72,2197.05,2207.24,0.0
2011-03-01,2239.12,2246.54,2202.93,2203.32,0.0
2011-02-28,2226.03,2242.36,2226.03,2238.55,0.0
2011-02-25,2203.62,2226.69,2203.62,2226.05,0.0
2011-02-24,2203.89,2210.11,2181.82,2202.23,0.0
2011-02-23,2217.35,2221.44,2191.04,2203.89,0.0
2011-02-22,2263.79,2263.79,2211.97,2217.35,0.0
2011-02-18,2259.46,2265.63,2255.48,2263.79,0.0
2011-02-17,2252.02,2261.06,2243.32,2259.42,0.0
2011-02-16,2238.3,2254.16,2238.3,2252.3,0.0
2011-02-15,2244.41,2244.41,2231.77,2237.9,0.0
2011-02-14,2238.86,2245.77,2235.34,2244.89,0.0
2011-02-11,2226.51,2241.54,2216.73,2239.08,0.0
2011-02-10,2224.08,2227.84,2209.21,2226.51,0.0
2011-02-09,2230.36,2230.49,2214.29,2224.64,0.0
2011-02-08,2220.49,2230.59,2215.39,2230.59,0.0
2011-02-07,2206.8,2226.93,2206.8,2220.6,0.0
2011-02-04,2200.41,2206.94,2191.25,2206.8,0.0
2011-02-03,2194.94,2202.7,2179.86,2200.42,0.0
2011-02-02,2199.79,2200.49,2192.28,2194.94,0.0
2011-02-01,2165.77,2202.65,2165.77,2200.54,0.0
2011-01-31,2148.02,2166.15,2148.02,2164.4,0.0
2011-01-28,2186.93,2192.14,2145.9,2147.95,0.0
2011-01-27,2181.96,2189.75,2178.17,2186.93,0.0
2011-01-26,2172.86,2186.63,2172.86,2181.92,0.0
2011-01-25,2171.17,2172.67,2155.32,2172.67,0.0
2011-01-24,2159.67,2173.89,2157.93,2172.03,0.0
2011-01-21,2154.73,2172.59,2154.73,2159.43,0.0
2011-01-20,2156.83,2159.41,2139.05,2154.18,0.0
2011-01-19,2178.53,2178.53,2151.6,2156.97,0.0
2011-01-18,2175.54,2180.43,2170.48,2178.72,0.0
2011-01-14,2159.55,2175.68,2155.55,2175.68,0.0
2011-01-13,2162.87,2164.72,2154.13,2159.66,0.0
2011-01-12,2145.82,2164.65,2145.82,2163.36,0.0
2011-01-11,2137.64,2148.43,2135.7,2143.82,0.0
2011-01-10,2137.98,2138.83,2123.11,2135.86,0.0
2011-01-07,2142.8,2148.5,2122.2,2138.81,0.0
2011-01-06,2146.7,2149.2,2136.13,2142.76,0.0
2011-01-05,2135.23,2148.02,2127.43,2146.5,0.0
2011-01-04,2139.26,2141.9,2122.81,2135.53,0.0
2011-01-03,2115.97,2145.44,2115.97,2138.3,0.0
2010-12-31,2114.14,2117.15,2108.58,2114.29,0.0
2010-12-30,2117.49,2119.98,2111.99,2114.7,0.0
2010-12-29,2116.04,2122.19,2116.04,2117.83,0.0
2010-12-28,2113.69,2117.65,2111.48,2115.32,0.0
2010-12-27,2112.23,2115.24,2103.41,2113.67,0.0
2010-12-23,2115.14,2115.43,2107.63,2112.37,0.0
2010-12-22,2108.34,2116.28,2108.34,2115.69,0.0
2010-12-21,2096.17,2110.01,2096.17,2108.26,0.0
2010-12-20,2091.01,2100.51,2085.91,2095.32,0.0
2010-12-17,2088.17,2093.11,2083.19,2089.95,0.0
2010-12-16,2076.06,2089.61,2071.08,2088.19,0.0
2010-12-15,2085.92,2090.41,2073.12,2075.29,0.0
2010-12-14,2084.04,2094.89,2080.15,2085.93,0.0
2010-12-13,2084.64,2094.22,2083.47,2084.0,0.0
2010-12-10,2071.42,2084.53,2070.37,2083.57,0.0
2010-12-09,2064.45,2073.76,2060.64,2071.12,0.0
2010-12-08,2056.07,2063.61,2047.77,2063.03,0.0
2010-12-07,2055.82,2073.81,2054.14,2054.89,0.0
2010-12-06,2056.19,2058.24,2049.58,2053.8,0.0
2010-12-03,2049.68,2057.75,2042.89,2056.4,0.0
2010-12-02,2025.01,2051.6,2025.01,2050.96,0.0
2010-12-01,1986.35,2027.3,1986.35,2024.97,0.0
2010-11-30,1992.75,1993.18,1970.97,1981.84,0.0
2010-11-29,1995.79,1997.63,1969.54,1993.83,0.0
2010-11-26,2010.56,2010.56,1991.48,1996.03,0.0
2010-11-24,1983.38,2010.94,1983.38,2010.56,0.0
2010-11-23,2006.02,2006.02,1974.58,1980.89,0.0
2010-11-22,2010.93,2010.93,1987.72,2009.52,0.0
2010-11-19,2007.38,2012.78,1995.46,2012.59,0.0
2010-11-18,1977.0,2013.44,1977.0,2007.38,0.0
2010-11-17,1976.49,1985.13,1971.92,1977.0,0.0
2010-11-16,2007.39,2007.39,1966.82,1976.26,0.0
2010-11-15,2011.81,2024.38,2007.19,2008.25,0.0
2010-11-12,2032.73,2032.73,2001.83,2010.57,0.0
2010-11-11,2037.55,2037.69,2019.05,2034.48,0.0
2010-11-10,2033.76,2043.16,2018.38,2043.16,0.0
2010-11-09,2049.69,2055.75,2025.7,2033.85,0.0
2010-11-08,2052.61,2052.61,2039.86,2049.69,0.0
2010-11-05,2045.76,2055.61,2044.26,2053.77,0.0
2010-11-04,2009.43,2045.63,2009.43,2045.62,0.0
2010-11-03,1999.18,2006.75,1982.4,2006.58,0.0
2010-11-02,1983.47,2002.75,1983.47,1998.86,0.0
2010-11-01,1983.55,2002.72,1971.87,1983.47,0.0
2010-10-29,1982.92,1985.28,1975.63,1981.59,0.0
2010-10-28,1980.96,1991.92,1971.27,1982.45,0.0
2010-10-27,1984.73,1984.73,1962.04,1980.05,0.0
2010-10-26,1984.76,1987.61,1971.92,1985.13,0.0
2010-10-25,1980.83,2002.58,1980.83,1985.11,0.0
2010-10-22,1976.56,1982.11,1974.01,1980.83,0.0
2010-10-21,1973.88,1991.4,1960.79,1976.12,0.0
2010-10-20,1951.67,1979.9,1951.67,1972.51,0.0
2010-10-19,1982.28,1982.28,1941.16,1951.67,0.0
2010-10-18,1969.31,1984.41,1966.11,1983.17,0.0
2010-10-15,1969.83,1977.42,1953.79,1968.87,0.0
2010-10-14,1972.08,1973.4,1952.79,1964.9,0.0
2010-10-13,1959.46,1982.32,1959.46,1972.08,0.0
2010-10-12,1950.35,1962.54,1934.7,1957.92,0.0
2010-10-11,1950.33,1956.11,1944.77,1950.47,0.0
2010-10-08,1938.07,1954.53,1934.19,1950.18,0.0
2010-10-07,1941.74,1948.0,1927.17,1938.31,0.0
2010-10-06,1941.32,1944.49,1931.92,1941.5,0.0
2010-10-05,1902.46,1945.16,1902.46,1941.82,0.0
2010-10-04,1916.6,1920.39,1893.19,1902.15,0.0
2010-10-01,1911.1,1924.01,1905.72,1917.42,0.0
2010-09-30,1915.26,1935.22,1900.87,1908.95,0.0
2010-09-29,1919.32,1921.18,1907.18,1914.84,0.0
2010-09-28,1910.19,1923.12,1893.42,1919.59,0.0
2010-09-27,1920.51,1922.98,1909.59,1909.98,0.0
2010-09-24,1881.41,1921.25,1881.41,1920.84,0.0
2010-09-23,1896.77,1900.73,1877.36,1880.97,0.0
2010-09-22,1905.24,1913.42,1892.02,1896.77,0.0
2010-09-21,1910.49,1920.41,1900.39,1905.74,0.0
2010-09-20,1881.97,1914.05,1881.97,1910.6,0.0
2010-09-17,1882.77,1891.76,1876.57,1881.93,0.0
2010-09-16,1880.42,1881.41,1870.42,1880.37,0.0
2010-09-15,1873.73,1883.03,1863.33,1880.74,0.0
2010-09-14,1875.28,1884.4,1864.91,1874.07,0.0
2010-09-13,1854.19,1878.02,1854.19,1875.41,0.0
2010-09-10,1845.09,1856.24,1844.7,1854.1,0.0
2010-09-09,1838.09,1855.27,1838.09,1845.09,0.0
2010-09-08,1824.58,1843.14,1824.58,1836.21,0.0
2010-09-07,1845.0,1845.0,1822.82,1824.05,0.0
2010-09-03,1823.06,1845.84,1823.06,1845.1,0.0
2010-09-02,1804.64,1820.98,1804.64,1820.98,0.0
2010-09-01,1754.86,1805.95,1754.86,1804.46,0.0
2010-08-31,1751.57,1762.21,1738.38,1752.55,0.0
2010-08-30,1777.02,1777.27,1751.23,1751.79,0.0
2010-08-27,1749.04,1778.19,1736.47,1777.6,0.0
2010-08-26,1761.62,1771.83,1745.01,1748.14,0.0
2010-08-25,1754.35,1768.14,1735.57,1761.62,0.0
2010-08-24,1781.47,1781.47,1746.45,1755.65,0.0
2010-08-23,1788.93,1805.09,1781.06,1781.47,0.0
2010-08-20,1795.24,1795.24,1775.67,1788.67,0.0
2010-08-19,1826.14,1826.14,1786.92,1795.24,0.0
2010-08-18,1823.25,1835.22,1811.87,1826.14,0.0
2010-08-17,1801.27,1835.33,1801.27,1823.18,0.0
2010-08-16,1799.99,1806.0,1784.18,1800.7,0.0
2010-08-13,1807.54,1812.01,1799.95,1800.39,0.0
2010-08-12,1813.01,1813.01,1795.77,1807.61,0.0
2010-08-11,1821.75,1866.86,1814.78,1817.13,0.0
